0 FILE Gantry-Robot_Main.io
0 Untitled Model
0 Name: Gantry-Robot_Main
0 Author: 
0 CustomBrick
0 FlexibleBrickControlPointUnitLength -1
0 FlexibleBrickLockedControlPoint 
0 NumOfBricks 1419
1 71 720.000000 -4.000000 -280.000000 0.000000 0.000000 1.000000 0.000000 1.000000 0.000000 -1.000000 0.000000 0.000000 4186.dat
1 71 719.996600 -4.000190 680.008600 0.000000 0.000000 1.000000 0.000000 1.000000 0.000000 -1.000000 0.000000 0.000000 4186.dat
1 71 720.000000 -4.000000 1640.000000 0.000000 0.000000 1.000000 0.000000 1.000000 0.000000 -1.000000 0.000000 0.000000 4186.dat
1 14 1160.000000 -28.000000 -750.000000 1.000000 0.000000 0.000000 0.000000 1.000000 0.000000 0.000000 0.000000 1.000000 3004.dat
1 14 1180.001000 -52.000000 -750.000400 1.000001 0.000000 0.000000 0.000000 1.000000 0.000000 0.000000 0.000000 1.000001 3004.dat
1 4 1190.001000 -28.000000 -740.000500 0.000000 0.000000 -1.000001 0.000000 1.000000 0.000000 1.000001 0.000000 0.000000 3004.dat
0 STUDIOSTEPDESC Base and Orientation Brick
0 STEP
1 71 310.052100 -518.002700 360.002600 0.000000 0.000000 -1.000008 -1.000000 0.000000 0.000000 0.000000 1.000008 0.000000 14720.dat
1 0 270.050600 -538.002200 350.002600 0.000000 1.000008 0.000000 0.000000 0.000000 1.000000 1.000008 0.000000 0.000000 2780.dat
1 0 270.050600 -498.002400 350.002600 0.000000 1.000008 0.000000 0.000000 0.000000 1.000000 1.000008 0.000000 0.000000 2780.dat
1 71 310.006400 -518.002200 240.010800 0.000000 0.000000 1.000008 -1.000000 0.000000 0.000000 0.000000 -1.000008 0.000000 14720.dat
1 0 270.006300 -538.002100 250.009400 0.000000 -1.000008 0.000000 0.000000 0.000000 1.000000 -1.000008 0.000000 0.000000 2780.dat
1 0 270.006300 -498.002300 250.009400 0.000000 -1.000008 0.000000 0.000000 0.000000 1.000000 -1.000008 0.000000 0.000000 2780.dat
1 71 310.056200 -518.002100 -400.010300 0.000000 0.000000 -1.000008 -1.000000 0.000000 0.000000 0.000000 1.000008 0.000000 14720.dat
1 0 270.055100 -538.001600 -410.010300 0.000000 1.000008 0.000000 0.000000 0.000000 1.000000 1.000008 0.000000 0.000000 2780.dat
1 0 270.055100 -498.001800 -410.010200 0.000000 1.000008 0.000000 0.000000 0.000000 1.000000 1.000008 0.000000 0.000000 2780.dat
1 71 310.010900 -518.001600 -520.002400 0.000000 0.000000 1.000008 -1.000000 0.000000 0.000000 0.000000 -1.000008 0.000000 14720.dat
1 0 270.010700 -538.001400 -510.004000 0.000000 -1.000008 0.000000 0.000000 0.000000 1.000000 -1.000008 0.000000 0.000000 2780.dat
1 0 270.010700 -498.001600 -510.004100 0.000000 -1.000008 0.000000 0.000000 0.000000 1.000000 -1.000008 0.000000 0.000000 2780.dat
1 71 290.050900 -338.001300 259.998700 0.000000 1.000008 0.000000 0.000000 0.000000 1.000000 1.000008 0.000000 0.000000 41239.dat
1 71 290.051100 -338.001400 340.000200 0.000000 1.000008 0.000000 0.000000 0.000000 1.000000 1.000008 0.000000 0.000000 41239.dat
1 71 270.050600 -498.001800 300.000400 0.000000 -1.000008 0.000000 0.000000 0.000000 -1.000000 1.000008 0.000000 0.000000 64179.dat
1 0 280.051000 -438.001300 259.998800 1.000009 0.000001 -0.000001 0.000001 0.000000 1.000001 0.000000 -1.000008 0.000000 2780.dat
1 0 280.051200 -438.001400 340.000200 1.000009 0.000001 -0.000001 0.000001 0.000000 1.000001 0.000000 -1.000008 0.000000 2780.dat
1 71 270.040900 -358.001700 300.000800 0.000000 -1.000008 0.000000 0.000000 0.000000 -1.000000 1.000008 0.000000 0.000000 64179.dat
1 0 280.050300 -418.001600 340.000700 1.000016 0.000000 -0.000001 0.000001 0.000000 1.000008 0.000000 -1.000008 0.000000 2780.dat
1 0 280.050300 -418.001600 259.999900 1.000016 0.000000 -0.000001 0.000001 0.000000 1.000008 0.000000 -1.000008 0.000000 2780.dat
1 0 270.050500 -428.001700 320.000500 0.000001 -1.000016 0.000000 -1.000008 -0.000001 0.000000 0.000000 0.000000 -1.000008 2780.dat
1 0 270.050500 -428.001600 280.000200 0.000001 -1.000016 0.000000 -1.000008 -0.000001 0.000000 0.000000 0.000000 -1.000008 2780.dat
1 0 280.050300 -378.001300 260.000000 -1.000016 0.000000 0.000000 0.000000 0.000000 1.000008 0.000000 1.000008 0.000000 2780.dat
1 0 280.050300 -378.001500 340.000700 1.000016 0.000000 -0.000001 0.000001 0.000000 1.000008 0.000000 -1.000008 0.000000 2780.dat
1 0 280.050200 -338.000800 260.000000 1.000015 0.000000 -0.000001 0.000001 0.000000 1.000007 0.000000 -1.000008 0.000000 2780.dat
1 0 280.050200 -338.000800 340.000700 1.000015 0.000000 -0.000001 0.000001 0.000000 1.000007 0.000000 -1.000008 0.000000 2780.dat
1 71 290.040600 -138.001500 260.000300 0.000000 1.000008 0.000000 0.000000 0.000000 -1.000000 -1.000008 0.000000 0.000000 32524.dat
1 0 280.049700 -298.001400 260.000200 1.000012 0.000001 -0.000001 0.000001 0.000000 1.000004 0.000000 -1.000008 0.000000 2780.dat
1 0 280.050300 -298.001400 340.000900 1.000012 0.000001 -0.000001 0.000001 0.000000 1.000004 0.000000 -1.000008 0.000000 2780.dat
1 71 290.040800 -138.001500 340.001200 0.000000 1.000008 0.000000 0.000000 0.000000 -1.000000 -1.000008 0.000000 0.000000 32524.dat
1 71 270.040000 -218.001600 300.000900 0.000000 -1.000008 0.000000 0.000000 0.000000 -1.000000 1.000008 0.000000 0.000000 64179.dat
1 0 280.040700 -278.001700 340.001100 1.000010 0.000000 -0.000001 0.000001 0.000000 1.000002 0.000000 -1.000008 0.000000 2780.dat
1 0 280.040700 -278.001700 260.000300 1.000010 0.000000 -0.000001 0.000001 0.000000 1.000002 0.000000 -1.000008 0.000000 2780.dat
1 0 270.040700 -288.001900 320.001100 0.000001 -1.000010 0.000000 -1.000002 -0.000001 0.000000 0.000000 0.000000 -1.000008 2780.dat
1 0 270.040700 -288.001800 280.000600 0.000001 -1.000010 0.000000 -1.000002 -0.000001 0.000000 0.000000 0.000000 -1.000008 2780.dat
1 0 280.040700 -238.001600 260.000300 -1.000010 0.000000 0.000000 0.000000 0.000000 1.000002 0.000000 1.000008 0.000000 2780.dat
1 0 280.040700 -238.001700 340.001100 1.000010 0.000000 -0.000001 0.000001 0.000000 1.000002 0.000000 -1.000008 0.000000 2780.dat
1 0 280.040600 -198.001600 260.000300 1.000009 0.000000 -0.000001 0.000001 0.000000 1.000001 0.000000 -1.000008 0.000000 2780.dat
1 0 280.041200 -158.001500 260.000300 -1.000009 0.000000 0.000000 0.000000 0.000000 1.000001 0.000000 1.000008 0.000000 2780.dat
1 0 280.040600 -198.001600 340.001100 1.000009 0.000000 -0.000001 0.000001 0.000000 1.000001 0.000000 -1.000008 0.000000 2780.dat
1 0 280.040600 -158.001500 340.001100 -1.000009 0.000000 0.000000 0.000000 0.000000 1.000001 0.000000 1.000008 0.000000 2780.dat
1 71 290.039900 -28.001600 300.000800 0.000000 0.000000 1.000008 0.000000 1.000000 0.000000 -1.000008 0.000000 0.000000 3894.dat
1 71 270.040000 -78.001620 300.000800 0.000000 -1.000008 0.000000 0.000000 0.000000 -1.000000 1.000008 0.000000 0.000000 64179.dat
1 0 280.040100 -138.001600 340.001100 1.000008 0.000000 0.000000 0.000000 0.000000 1.000000 0.000000 -1.000008 0.000000 2780.dat
1 0 280.040100 -138.001600 260.000300 1.000008 0.000000 0.000000 0.000000 0.000000 1.000000 0.000000 -1.000008 0.000000 2780.dat
1 0 270.040000 -148.001700 320.000900 0.000000 -1.000008 0.000000 -1.000000 0.000000 0.000000 0.000000 0.000000 -1.000008 2780.dat
1 0 270.040000 -148.001600 280.000700 0.000000 -1.000008 0.000000 -1.000000 0.000000 0.000000 0.000000 0.000000 -1.000008 2780.dat
1 0 280.040100 -98.001640 260.000500 -1.000008 0.000000 0.000000 0.000000 0.000000 1.000000 0.000000 1.000008 0.000000 2780.dat
1 0 280.040100 -98.001740 340.001100 1.000008 0.000000 0.000000 0.000000 0.000000 1.000000 0.000000 -1.000008 0.000000 2780.dat
1 71 250.039600 -28.001520 300.000800 0.000000 0.000000 1.000008 0.000000 1.000000 0.000000 -1.000008 0.000000 0.000000 3894.dat
1 1 270.039900 -18.001520 260.000500 1.000008 0.000000 0.000000 0.000000 1.000000 0.000000 0.000000 0.000000 1.000008 6558.dat
1 1 270.039800 -18.001520 340.001100 1.000008 0.000000 0.000000 0.000000 1.000000 0.000000 0.000000 0.000000 1.000008 6558.dat
1 71 290.055300 -338.001200 -500.012700 0.000000 1.000008 0.000000 0.000000 0.000000 1.000000 1.000008 0.000000 0.000000 41239.dat
1 71 290.055600 -338.001300 -420.011200 0.000000 1.000008 0.000000 0.000000 0.000000 1.000000 1.000008 0.000000 0.000000 41239.dat
1 71 270.055100 -498.001700 -460.011000 0.000000 -1.000008 0.000000 0.000000 0.000000 -1.000000 1.000008 0.000000 0.000000 64179.dat
1 0 280.055400 -438.001200 -500.012500 1.000009 0.000001 -0.000001 0.000001 0.000000 1.000001 0.000000 -1.000008 0.000000 2780.dat
1 0 280.055600 -438.001300 -420.011100 1.000009 0.000001 -0.000001 0.000001 0.000000 1.000001 0.000000 -1.000008 0.000000 2780.dat
1 71 270.045300 -358.001600 -460.010600 0.000000 -1.000008 0.000000 0.000000 0.000000 -1.000000 1.000008 0.000000 0.000000 64179.dat
1 0 280.054700 -418.001500 -420.010700 1.000016 0.000000 -0.000001 0.000001 0.000000 1.000008 0.000000 -1.000008 0.000000 2780.dat
1 0 280.054700 -418.001500 -500.011400 1.000016 0.000000 -0.000001 0.000001 0.000000 1.000008 0.000000 -1.000008 0.000000 2780.dat
1 0 270.054900 -428.001600 -440.010800 0.000001 -1.000016 0.000000 -1.000008 -0.000001 0.000000 0.000000 0.000000 -1.000008 2780.dat
1 0 270.054900 -428.001500 -480.011100 0.000001 -1.000016 0.000000 -1.000008 -0.000001 0.000000 0.000000 0.000000 -1.000008 2780.dat
1 0 280.054700 -378.001200 -500.011400 -1.000016 0.000000 0.000000 0.000000 0.000000 1.000008 0.000000 1.000008 0.000000 2780.dat
1 0 280.054700 -378.001400 -420.010700 1.000016 0.000000 -0.000001 0.000001 0.000000 1.000008 0.000000 -1.000008 0.000000 2780.dat
1 0 280.054600 -338.000700 -500.011400 1.000015 0.000000 -0.000001 0.000001 0.000000 1.000007 0.000000 -1.000008 0.000000 2780.dat
1 0 280.054600 -338.000700 -420.010700 1.000015 0.000000 -0.000001 0.000001 0.000000 1.000007 0.000000 -1.000008 0.000000 2780.dat
1 71 290.045100 -138.001400 -500.011000 0.000000 1.000008 0.000000 0.000000 0.000000 -1.000000 -1.000008 0.000000 0.000000 32524.dat
1 0 280.054100 -298.001300 -500.011100 1.000012 0.000001 -0.000001 0.000001 0.000000 1.000004 0.000000 -1.000008 0.000000 2780.dat
1 0 280.054700 -298.001300 -420.010400 1.000012 0.000001 -0.000001 0.000001 0.000000 1.000004 0.000000 -1.000008 0.000000 2780.dat
1 71 270.044400 -218.001500 -460.010500 0.000000 -1.000008 0.000000 0.000000 0.000000 -1.000000 1.000008 0.000000 0.000000 64179.dat
1 0 280.045100 -278.001600 -420.010200 1.000010 0.000000 -0.000001 0.000001 0.000000 1.000002 0.000000 -1.000008 0.000000 2780.dat
1 0 280.045100 -278.001600 -500.011100 1.000010 0.000000 -0.000001 0.000001 0.000000 1.000002 0.000000 -1.000008 0.000000 2780.dat
1 0 270.045200 -288.001800 -440.010300 0.000001 -1.000010 0.000000 -1.000002 -0.000001 0.000000 0.000000 0.000000 -1.000008 2780.dat
1 0 270.045200 -288.001700 -480.010700 0.000001 -1.000010 0.000000 -1.000002 -0.000001 0.000000 0.000000 0.000000 -1.000008 2780.dat
1 0 280.045100 -238.001500 -500.011100 -1.000010 0.000000 0.000000 0.000000 0.000000 1.000002 0.000000 1.000008 0.000000 2780.dat
1 0 280.045100 -238.001600 -420.010200 1.000010 0.000000 -0.000001 0.000001 0.000000 1.000002 0.000000 -1.000008 0.000000 2780.dat
1 0 280.045000 -198.001400 -500.011100 1.000009 0.000000 -0.000001 0.000001 0.000000 1.000001 0.000000 -1.000008 0.000000 2780.dat
1 0 280.045600 -158.001400 -500.011100 -1.000009 0.000000 0.000000 0.000000 0.000000 1.000001 0.000000 1.000008 0.000000 2780.dat
1 0 280.045000 -198.001400 -420.010200 1.000009 0.000000 -0.000001 0.000001 0.000000 1.000001 0.000000 -1.000008 0.000000 2780.dat
1 0 280.045000 -158.001400 -420.010200 -1.000009 0.000000 0.000000 0.000000 0.000000 1.000001 0.000000 1.000008 0.000000 2780.dat
1 71 290.044300 -28.001480 -460.010600 0.000000 0.000000 1.000008 0.000000 1.000000 0.000000 -1.000008 0.000000 0.000000 3894.dat
1 71 270.044400 -78.001500 -460.010600 0.000000 -1.000008 0.000000 0.000000 0.000000 -1.000000 1.000008 0.000000 0.000000 64179.dat
1 0 280.044500 -138.001500 -420.010300 1.000008 0.000000 0.000000 0.000000 0.000000 1.000000 0.000000 -1.000008 0.000000 2780.dat
1 0 280.044500 -138.001500 -500.011000 1.000008 0.000000 0.000000 0.000000 0.000000 1.000000 0.000000 -1.000008 0.000000 2780.dat
1 0 270.044400 -148.001600 -440.010500 0.000000 -1.000008 0.000000 -1.000000 0.000000 0.000000 0.000000 0.000000 -1.000008 2780.dat
1 0 270.044400 -148.001500 -480.010700 0.000000 -1.000008 0.000000 -1.000000 0.000000 0.000000 0.000000 0.000000 -1.000008 2780.dat
1 0 280.044500 -98.001510 -500.010900 -1.000008 0.000000 0.000000 0.000000 0.000000 1.000000 0.000000 1.000008 0.000000 2780.dat
1 0 280.044500 -98.001620 -420.010200 1.000008 0.000000 0.000000 0.000000 0.000000 1.000000 0.000000 -1.000008 0.000000 2780.dat
1 71 250.044000 -28.001400 -460.010600 0.000000 0.000000 1.000008 0.000000 1.000000 0.000000 -1.000008 0.000000 0.000000 3894.dat
1 1 270.044300 -18.001400 -500.010800 1.000008 0.000000 0.000000 0.000000 1.000000 0.000000 0.000000 0.000000 1.000008 6558.dat
1 1 270.044200 -18.001400 -420.010200 1.000008 0.000000 0.000000 0.000000 1.000000 0.000000 0.000000 0.000000 1.000008 6558.dat
1 71 350.044500 -178.001500 -520.010900 0.000000 0.000000 -1.000000 -1.000000 0.000000 0.000000 0.000000 1.000000 0.000000 32526.dat
1 71 270.000300 -258.000100 -520.003500 0.000000 0.000000 1.000000 1.000000 0.000000 0.000000 0.000000 1.000000 0.000000 32526.dat
1 0 270.044400 -178.001500 -510.010700 0.000000 0.000000 1.000000 0.000001 -1.000000 0.000000 1.000000 0.000001 0.000000 2780.dat
1 0 270.044500 -218.001500 -510.010800 0.000000 0.000000 1.000000 0.000001 -1.000000 0.000000 1.000000 0.000001 0.000000 2780.dat
1 0 270.044500 -258.001500 -510.010800 0.000000 0.000000 1.000000 0.000001 -1.000000 0.000000 1.000000 0.000001 0.000000 2780.dat
1 71 350.039900 -318.001600 -520.005900 0.000000 0.000000 -1.000000 -1.000000 0.000000 0.000000 0.000000 1.000000 0.000000 32526.dat
1 71 270.001200 -398.000200 -520.003600 0.000000 0.000000 1.000014 1.000000 0.000000 0.000000 0.000000 1.000014 0.000000 32526.dat
1 0 270.045300 -318.001600 -510.010700 0.000000 0.000000 1.000014 0.000001 -1.000000 0.000000 1.000014 0.000001 0.000000 2780.dat
1 0 270.045300 -358.001600 -510.010800 0.000000 0.000000 1.000014 0.000001 -1.000000 0.000000 1.000015 0.000001 0.000000 2780.dat
1 0 270.045300 -398.001600 -510.010800 0.000000 0.000000 1.000014 0.000001 -1.000000 0.000000 1.000015 0.000001 0.000000 2780.dat
1 71 270.000300 -177.999900 -400.003200 0.000000 0.000000 1.000000 -1.000000 0.000000 0.000000 0.000000 -1.000000 0.000000 32526.dat
1 71 350.044900 -257.998700 -400.009400 0.000000 0.000000 -1.000000 1.000000 0.000000 0.000000 0.000000 -1.000000 0.000000 32526.dat
1 0 270.044500 -177.998500 -410.010200 0.000000 0.000000 -1.000000 0.000001 -1.000000 0.000000 -1.000000 -0.000001 0.000000 2780.dat
1 0 270.044500 -257.998700 -410.010300 0.000000 0.000000 -1.000000 0.000001 -1.000000 0.000000 -1.000000 -0.000001 0.000000 2780.dat
1 0 270.044500 -217.998300 -410.010200 0.000000 0.000000 -1.000000 0.000001 -1.000000 0.000000 -1.000000 -0.000001 0.000000 2780.dat
1 71 270.000000 -317.999900 -400.001200 0.000000 0.000001 1.000000 -1.000000 0.000000 0.000000 0.000000 -1.000000 0.000000 32526.dat
1 71 350.045800 -397.998900 -400.009500 0.000000 0.000000 -1.000005 1.000000 0.000000 0.000000 0.000000 -1.000005 0.000000 32526.dat
1 0 270.045300 -317.998700 -410.010200 0.000000 0.000000 -1.000005 0.000001 -1.000000 0.000000 -1.000005 -0.000001 0.000000 2780.dat
1 0 270.045200 -397.998900 -410.010300 0.000000 0.000000 -1.000005 0.000001 -1.000000 0.000000 -1.000005 -0.000001 0.000000 2780.dat
1 0 270.045200 -357.998500 -410.010200 0.000000 0.000000 -1.000005 0.000001 -1.000000 0.000000 -1.000005 -0.000001 0.000000 2780.dat
1 0 270.040000 -178.001600 250.000600 0.000000 0.000000 1.000000 0.000001 -1.000000 0.000000 1.000000 0.000001 0.000000 2780.dat
1 0 270.040000 -218.001600 250.000600 0.000000 0.000000 1.000000 0.000001 -1.000000 0.000000 1.000000 0.000001 0.000000 2780.dat
1 0 270.040000 -258.001600 250.000600 0.000000 0.000000 1.000000 0.000001 -1.000000 0.000000 1.000000 0.000001 0.000000 2780.dat
1 0 270.040800 -318.001700 250.000500 0.000000 0.000000 1.000000 0.000001 -1.000000 0.000000 1.000000 0.000001 0.000000 2780.dat
1 0 270.040900 -358.001700 250.000500 0.000000 0.000000 1.000000 0.000001 -1.000000 0.000000 1.000000 0.000001 0.000000 2780.dat
1 0 270.040900 -398.001700 250.000500 0.000000 0.000000 1.000000 0.000001 -1.000000 0.000000 1.000000 0.000001 0.000000 2780.dat
1 71 349.996300 -398.000500 240.007500 0.000000 0.000000 -1.000000 1.000000 0.000000 0.000000 0.000000 -1.000000 0.000000 32526.dat
1 71 269.996300 -318.000500 240.007400 0.000000 0.000000 1.000000 -1.000000 0.000000 0.000000 0.000000 -1.000000 0.000000 32526.dat
1 71 350.043000 -258.001600 240.000800 0.000000 0.000000 -1.000000 1.000000 0.000000 0.000000 0.000000 -1.000000 0.000000 32526.dat
1 71 270.040000 -178.001600 240.000600 0.000000 0.000000 1.000000 -1.000000 0.000000 0.000000 0.000000 -1.000000 0.000000 32526.dat
1 0 270.040800 -178.001400 350.000800 0.000000 0.000000 -1.000000 -0.000001 -1.000000 0.000000 -1.000000 0.000001 0.000000 2780.dat
1 0 270.040800 -218.001500 350.000900 0.000000 0.000000 -1.000000 -0.000001 -1.000000 0.000000 -1.000000 0.000001 0.000000 2780.dat
1 0 270.040800 -258.001400 350.001000 0.000000 0.000000 -1.000000 -0.000001 -1.000000 0.000000 -1.000000 0.000001 0.000000 2780.dat
1 0 270.040600 -318.001700 350.001000 0.000000 0.000000 -1.000000 -0.000001 -1.000000 0.000000 -1.000000 0.000001 0.000000 2780.dat
1 0 270.040700 -358.001700 350.001100 0.000000 0.000000 -1.000000 -0.000001 -1.000000 0.000000 -1.000000 0.000001 0.000000 2780.dat
1 0 270.040600 -398.001700 350.001200 0.000000 0.000000 -1.000000 -0.000001 -1.000000 0.000000 -1.000000 0.000001 0.000000 2780.dat
1 71 270.040600 -398.001700 360.001100 0.000000 0.000000 1.000000 1.000000 0.000002 0.000000 -0.000002 1.000000 0.000000 32526.dat
1 71 350.040800 -318.001700 360.000900 0.000000 0.000000 -1.000000 -1.000000 0.000002 0.000000 0.000002 1.000000 0.000000 32526.dat
1 71 269.994000 -258.002700 360.007500 0.000000 0.000000 1.000000 1.000000 0.000002 0.000000 -0.000002 1.000000 0.000000 32526.dat
1 71 349.994300 -178.002700 360.007400 0.000000 0.000000 -1.000000 -1.000000 0.000002 0.000000 0.000002 1.000000 0.000000 32526.dat
1 71 290.051600 -338.001400 1019.996000 0.000000 0.999990 0.000000 0.000000 0.000000 1.000000 0.999990 0.000000 0.000000 41239.dat
1 71 290.051500 -338.001400 1099.997000 0.000000 0.999990 0.000000 0.000000 0.000000 1.000000 0.999990 0.000000 0.000000 41239.dat
1 71 270.051800 -498.001700 1060.001000 0.000000 -0.999990 0.000000 0.000000 0.000000 -1.000000 0.999990 0.000000 0.000000 64179.dat
1 0 280.053600 -438.001300 1019.996000 0.999991 0.000001 -0.000001 0.000001 0.000000 1.000001 0.000000 -0.999991 0.000000 2780.dat
1 0 280.053500 -438.001300 1099.998000 0.999991 0.000001 -0.000001 0.000001 0.000000 1.000001 0.000000 -0.999991 0.000000 2780.dat
1 71 270.042100 -358.001700 1060.001000 0.000000 -0.999990 0.000000 0.000000 0.000000 -1.000000 0.999990 0.000000 0.000000 64179.dat
1 0 280.051600 -418.001400 1099.998000 0.999998 0.000000 -0.000001 0.000001 0.000000 1.000008 0.000000 -0.999990 0.000000 2780.dat
1 0 280.051700 -418.001500 1019.997000 0.999998 0.000000 -0.000001 0.000001 0.000000 1.000008 0.000000 -0.999990 0.000000 2780.dat
1 0 270.051800 -428.001600 1080.001000 0.000001 -0.999998 0.000000 -1.000008 -0.000001 0.000000 0.000000 0.000000 -0.999990 2780.dat
1 0 270.051900 -428.001500 1039.999000 0.000001 -0.999998 0.000000 -1.000008 -0.000001 0.000000 0.000000 0.000000 -0.999990 2780.dat
1 0 280.051700 -378.001300 1019.998000 -0.999998 0.000000 0.000000 0.000000 0.000000 1.000008 0.000000 0.999990 0.000000 2780.dat
1 0 280.051600 -378.001500 1099.998000 0.999998 0.000000 -0.000001 0.000001 0.000000 1.000008 0.000000 -0.999990 0.000000 2780.dat
1 0 280.051600 -338.000900 1019.998000 0.999997 0.000000 -0.000001 0.000001 0.000000 1.000007 0.000000 -0.999990 0.000000 2780.dat
1 0 280.051500 -338.000800 1099.998000 0.999997 0.000000 -0.000001 0.000001 0.000000 1.000007 0.000000 -0.999990 0.000000 2780.dat
1 71 290.041800 -138.001500 1019.998000 0.000000 0.999990 0.000000 0.000000 0.000000 -1.000000 -0.999990 0.000000 0.000000 32524.dat
1 0 280.051700 -298.001500 1019.998000 0.999994 0.000001 -0.000001 0.000001 0.000000 1.000004 0.000000 -0.999991 0.000000 2780.dat
1 0 280.051600 -298.001400 1099.998000 0.999994 0.000001 -0.000001 0.000001 0.000000 1.000004 0.000000 -0.999991 0.000000 2780.dat
1 71 290.041800 -138.001500 1099.999000 0.000000 0.999990 0.000000 0.000000 0.000000 -1.000000 -0.999990 0.000000 0.000000 32524.dat
1 71 270.040100 -218.001600 1060.001000 0.000000 -0.999990 0.000000 0.000000 0.000000 -1.000000 0.999990 0.000000 0.000000 64179.dat
1 0 280.041800 -278.001600 1099.998000 0.999992 0.000000 -0.000001 0.000001 0.000000 1.000002 0.000000 -0.999990 0.000000 2780.dat
1 0 280.041900 -278.001700 1019.998000 0.999992 0.000000 -0.000001 0.000001 0.000000 1.000002 0.000000 -0.999990 0.000000 2780.dat
1 0 270.042100 -288.001800 1080.001000 0.000001 -0.999992 0.000000 -1.000002 -0.000001 0.000000 0.000000 0.000000 -0.999990 2780.dat
1 0 270.042100 -288.001800 1039.999000 0.000001 -0.999992 0.000000 -1.000002 -0.000001 0.000000 0.000000 0.000000 -0.999990 2780.dat
1 0 280.041900 -238.001600 1019.998000 -0.999992 0.000000 0.000000 0.000000 0.000000 1.000002 0.000000 0.999990 0.000000 2780.dat
1 0 280.041800 -238.001700 1099.998000 0.999992 0.000000 -0.000001 0.000001 0.000000 1.000002 0.000000 -0.999990 0.000000 2780.dat
1 0 280.041900 -198.001500 1019.998000 0.999991 0.000000 -0.000001 0.000001 0.000000 1.000001 0.000000 -0.999990 0.000000 2780.dat
1 0 280.043900 -158.001500 1019.998000 -0.999991 0.000000 0.000000 0.000000 0.000000 1.000001 0.000000 0.999990 0.000000 2780.dat
1 0 280.041800 -198.001500 1099.999000 0.999991 0.000000 -0.000001 0.000001 0.000000 1.000001 0.000000 -0.999990 0.000000 2780.dat
1 0 280.041800 -158.001500 1099.999000 -0.999991 0.000000 0.000000 0.000000 0.000000 1.000001 0.000000 0.999990 0.000000 2780.dat
1 71 290.039900 -28.001660 1060.001000 0.000000 0.000000 0.999990 0.000000 1.000000 0.000000 -0.999990 0.000000 0.000000 3894.dat
1 71 270.040100 -78.001620 1060.001000 0.000000 -0.999990 0.000000 0.000000 0.000000 -1.000000 0.999990 0.000000 0.000000 64179.dat
1 0 280.041800 -138.001600 1099.999000 0.999990 0.000000 0.000000 0.000000 0.000000 1.000000 0.000000 -0.999990 0.000000 2780.dat
1 0 280.041900 -138.001600 1019.998000 0.999990 0.000000 0.000000 0.000000 0.000000 1.000000 0.000000 -0.999990 0.000000 2780.dat
1 0 270.040100 -148.001800 1080.001000 0.000000 -0.999990 0.000000 -1.000000 0.000000 0.000000 0.000000 0.000000 -0.999990 2780.dat
1 0 270.040100 -148.001600 1039.999000 0.000000 -0.999990 0.000000 -1.000000 0.000000 0.000000 0.000000 0.000000 -0.999990 2780.dat
1 0 280.041900 -98.001640 1019.998000 -0.999990 0.000000 0.000000 0.000000 0.000000 1.000000 0.000000 0.999990 0.000000 2780.dat
1 0 280.041800 -98.001720 1099.999000 0.999990 0.000000 0.000000 0.000000 0.000000 1.000000 0.000000 -0.999990 0.000000 2780.dat
1 71 250.044600 -28.001460 1060.000000 0.000000 0.000000 0.999990 0.000000 1.000000 0.000000 -0.999990 0.000000 0.000000 3894.dat
1 0 270.040000 -178.001600 1010.000000 0.000000 0.000000 0.999983 0.000001 -1.000000 0.000000 0.999983 0.000001 0.000000 2780.dat
1 0 270.040100 -218.001600 1010.000000 0.000000 0.000000 0.999983 0.000001 -1.000000 0.000000 0.999983 0.000001 0.000000 2780.dat
1 0 270.040100 -258.001600 1010.000000 0.000000 0.000000 0.999983 0.000001 -1.000000 0.000000 0.999983 0.000001 0.000000 2780.dat
1 0 270.042000 -318.001800 1010.000000 0.000000 0.000000 0.999983 0.000001 -1.000000 0.000000 0.999983 0.000001 0.000000 2780.dat
1 0 270.042100 -358.001700 1010.000000 0.000000 0.000000 0.999983 0.000001 -1.000000 0.000000 0.999983 0.000001 0.000000 2780.dat
1 0 270.042000 -398.001800 1010.000000 0.000000 0.000000 0.999983 0.000001 -1.000000 0.000000 0.999983 0.000001 0.000000 2780.dat
1 71 349.996800 -398.000500 1000.007000 0.000000 0.000000 -0.999983 1.000000 0.000000 0.000000 0.000000 -0.999983 0.000000 32526.dat
1 71 269.997100 -318.000600 1000.007000 0.000000 0.000000 0.999983 -1.000000 0.000000 0.000000 0.000000 -0.999983 0.000000 32526.dat
1 71 350.043700 -258.001500 1000.001000 0.000000 0.000000 -0.999983 1.000000 0.000000 0.000000 0.000000 -0.999983 0.000000 32526.dat
1 71 270.040100 -178.001600 1000.000000 0.000000 0.000000 0.999983 -1.000000 0.000000 0.000000 0.000000 -0.999983 0.000000 32526.dat
1 0 270.042100 -178.001400 1110.001000 0.000000 0.000000 -0.999982 -0.000001 -1.000000 0.000000 -0.999983 0.000001 0.000000 2780.dat
1 0 270.042100 -218.001400 1110.001000 0.000000 0.000000 -0.999982 -0.000001 -1.000000 0.000000 -0.999983 0.000001 0.000000 2780.dat
1 0 270.042000 -258.001300 1110.002000 0.000000 0.000000 -0.999982 -0.000001 -1.000000 0.000000 -0.999983 0.000001 0.000000 2780.dat
1 0 270.040100 -318.001600 1110.001000 0.000000 0.000000 -0.999982 -0.000001 -1.000000 0.000000 -0.999983 0.000001 0.000000 2780.dat
1 0 270.042100 -358.001600 1110.001000 0.000000 0.000000 -0.999982 -0.000001 -1.000000 0.000000 -0.999983 0.000001 0.000000 2780.dat
1 0 270.040100 -398.001600 1110.002000 0.000000 0.000000 -0.999982 -0.000001 -1.000000 0.000000 -0.999983 0.000001 0.000000 2780.dat
1 71 270.040100 -398.001600 1120.001000 0.000000 0.000001 0.999983 1.000000 0.000002 0.000000 -0.000002 0.999983 -0.000001 32526.dat
1 71 350.039900 -318.001700 1120.001000 0.000000 0.000000 -0.999983 -1.000000 0.000002 0.000000 0.000002 0.999983 0.000000 32526.dat
1 71 269.995100 -258.002500 1120.008000 0.000000 0.000001 0.999983 1.000000 0.000002 0.000000 -0.000002 0.999983 -0.000001 32526.dat
1 71 349.993100 -178.002700 1120.007000 0.000000 0.000000 -0.999983 -1.000000 0.000002 0.000000 0.000002 0.999983 0.000000 32526.dat
1 71 290.056200 -338.001100 1779.985000 0.000000 1.000000 0.000000 0.000000 0.000000 1.000000 1.000000 0.000000 0.000000 41239.dat
1 71 290.056400 -338.001200 1859.993000 0.000000 1.000000 0.000000 0.000000 0.000000 1.000000 1.000000 0.000000 0.000000 41239.dat
1 71 270.056200 -498.001600 1819.994000 0.000000 -1.000000 0.000000 0.000000 0.000000 -1.000000 1.000000 0.000000 0.000000 64179.dat
1 0 280.056500 -438.001200 1779.986000 1.000001 0.000001 -0.000001 0.000001 0.000000 1.000001 0.000000 -1.000000 0.000000 2780.dat
1 0 280.056500 -438.001200 1859.994000 1.000001 0.000001 -0.000001 0.000001 0.000000 1.000001 0.000000 -1.000000 0.000000 2780.dat
1 71 270.046400 -358.001500 1819.995000 0.000000 -1.000000 0.000000 0.000000 0.000000 -1.000000 1.000000 0.000000 0.000000 64179.dat
1 0 280.055700 -418.001400 1859.994000 1.000008 0.000000 -0.000001 0.000001 0.000000 1.000008 0.000000 -1.000000 0.000000 2780.dat
1 0 280.055900 -418.001400 1779.987000 1.000008 0.000000 -0.000001 0.000001 0.000000 1.000008 0.000000 -1.000000 0.000000 2780.dat
1 0 270.056000 -428.001600 1839.994000 0.000001 -1.000008 0.000000 -1.000008 -0.000001 0.000000 0.000000 0.000000 -1.000000 2780.dat
1 0 270.056100 -428.001400 1799.991000 0.000001 -1.000008 0.000000 -1.000008 -0.000001 0.000000 0.000000 0.000000 -1.000000 2780.dat
1 0 280.055900 -378.001100 1779.987000 -1.000008 0.000000 0.000000 0.000000 0.000000 1.000008 0.000000 1.000000 0.000000 2780.dat
1 0 280.055700 -378.001300 1859.994000 1.000008 0.000000 -0.000001 0.000001 0.000000 1.000008 0.000000 -1.000000 0.000000 2780.dat
1 0 280.055800 -338.000600 1779.987000 1.000007 0.000000 -0.000001 0.000001 0.000000 1.000007 0.000000 -1.000000 0.000000 2780.dat
1 0 280.055600 -338.000600 1859.994000 1.000007 0.000000 -0.000001 0.000001 0.000000 1.000007 0.000000 -1.000000 0.000000 2780.dat
1 71 290.046100 -138.001300 1779.987000 0.000000 1.000000 0.000000 0.000000 0.000000 -1.000000 -1.000000 0.000000 0.000000 32524.dat
1 0 280.055300 -298.001200 1779.987000 1.000004 0.000001 -0.000001 0.000001 0.000000 1.000004 0.000000 -1.000000 0.000000 2780.dat
1 0 280.055700 -298.001200 1859.994000 1.000004 0.000001 -0.000001 0.000001 0.000000 1.000004 0.000000 -1.000000 0.000000 2780.dat
1 71 290.046000 -138.001300 1859.995000 0.000000 1.000000 0.000000 0.000000 0.000000 -1.000000 -1.000000 0.000000 0.000000 32524.dat
1 71 270.045600 -218.001400 1819.995000 0.000000 -1.000000 0.000000 0.000000 0.000000 -1.000000 1.000000 0.000000 0.000000 64179.dat
1 0 280.046100 -278.001500 1859.994000 1.000002 0.000000 -0.000001 0.000001 0.000000 1.000002 0.000000 -1.000000 0.000000 2780.dat
1 0 280.046200 -278.001500 1779.987000 1.000002 0.000000 -0.000001 0.000001 0.000000 1.000002 0.000000 -1.000000 0.000000 2780.dat
1 0 270.046200 -288.001700 1839.994000 0.000001 -1.000002 0.000000 -1.000002 -0.000001 0.000000 0.000000 0.000000 -1.000000 2780.dat
1 0 270.046300 -288.001600 1799.991000 0.000001 -1.000002 0.000000 -1.000002 -0.000001 0.000000 0.000000 0.000000 -1.000000 2780.dat
1 0 280.046200 -238.001500 1779.987000 -1.000002 0.000000 0.000000 0.000000 0.000000 1.000002 0.000000 1.000000 0.000000 2780.dat
1 0 280.046100 -238.001600 1859.994000 1.000002 0.000000 -0.000001 0.000001 0.000000 1.000002 0.000000 -1.000000 0.000000 2780.dat
1 0 280.046100 -198.001400 1779.987000 1.000001 0.000000 -0.000001 0.000001 0.000000 1.000001 0.000000 -1.000000 0.000000 2780.dat
1 0 280.046700 -158.001300 1779.987000 -1.000001 0.000000 0.000000 0.000000 0.000000 1.000001 0.000000 1.000000 0.000000 2780.dat
1 0 280.045900 -198.001400 1859.994000 1.000001 0.000000 -0.000001 0.000001 0.000000 1.000001 0.000000 -1.000000 0.000000 2780.dat
1 0 280.045900 -158.001300 1859.994000 -1.000001 0.000000 0.000000 0.000000 0.000000 1.000001 0.000000 1.000000 0.000000 2780.dat
1 71 290.045300 -28.001400 1819.995000 0.000000 0.000000 1.000000 0.000000 1.000000 0.000000 -1.000000 0.000000 0.000000 3894.dat
1 71 270.045600 -78.001400 1819.995000 0.000000 -1.000000 0.000000 0.000000 0.000000 -1.000000 1.000000 0.000000 0.000000 64179.dat
1 0 280.045400 -138.001400 1859.994000 1.000000 0.000000 0.000000 0.000000 0.000000 1.000000 0.000000 -1.000000 0.000000 2780.dat
1 0 280.045600 -138.001400 1779.987000 1.000000 0.000000 0.000000 0.000000 0.000000 1.000000 0.000000 -1.000000 0.000000 2780.dat
1 0 270.045500 -148.001600 1839.994000 0.000000 -1.000000 0.000000 -1.000000 0.000000 0.000000 0.000000 0.000000 -1.000000 2780.dat
1 0 270.045600 -148.001400 1799.991000 0.000000 -1.000000 0.000000 -1.000000 0.000000 0.000000 0.000000 0.000000 -1.000000 2780.dat
1 0 280.045600 -98.001400 1779.987000 -1.000000 0.000000 0.000000 0.000000 0.000000 1.000000 0.000000 1.000000 0.000000 2780.dat
1 0 280.045400 -98.001540 1859.994000 1.000000 0.000000 0.000000 0.000000 0.000000 1.000000 0.000000 -1.000000 0.000000 2780.dat
1 71 250.045300 -28.001340 1819.994000 0.000000 0.000000 1.000000 0.000000 1.000000 0.000000 -1.000000 0.000000 0.000000 3894.dat
1 1 270.045400 -18.001340 1779.987000 1.000000 0.000000 0.000000 0.000000 1.000000 0.000000 0.000000 0.000000 1.000000 6558.dat
1 1 270.045200 -18.001340 1859.994000 1.000000 0.000000 0.000000 0.000000 1.000000 0.000000 0.000000 0.000000 1.000000 6558.dat
1 71 350.045100 -178.001400 1759.988000 0.000000 0.000000 -0.999992 -1.000000 0.000000 0.000000 0.000000 0.999992 0.000000 32526.dat
1 71 270.001400 -258.000100 1759.995000 0.000000 0.000000 0.999992 1.000000 0.000000 0.000000 0.000000 0.999992 0.000000 32526.dat
1 0 270.045600 -178.001400 1769.988000 0.000000 0.000000 0.999992 0.000001 -1.000000 0.000000 0.999992 0.000001 0.000000 2780.dat
1 0 270.045600 -218.001500 1769.988000 0.000000 0.000000 0.999992 0.000001 -1.000000 0.000000 0.999992 0.000001 0.000000 2780.dat
1 0 270.045600 -258.001500 1769.988000 0.000000 0.000000 0.999992 0.000001 -1.000000 0.000000 0.999992 0.000001 0.000000 2780.dat
1 71 350.040600 -318.001600 1759.993000 0.000000 0.000000 -0.999992 -1.000000 0.000000 0.000000 0.000000 0.999992 0.000000 32526.dat
1 71 270.002200 -398.000200 1759.995000 0.000000 0.000000 1.000006 1.000000 0.000000 0.000000 0.000000 1.000006 0.000000 32526.dat
1 0 270.046400 -318.001600 1769.988000 0.000000 0.000000 1.000006 0.000001 -1.000000 0.000000 1.000006 0.000001 0.000000 2780.dat
1 0 270.046400 -358.001600 1769.988000 0.000000 0.000000 1.000006 0.000001 -1.000000 0.000000 1.000006 0.000001 0.000000 2780.dat
1 0 270.046400 -398.001600 1769.988000 0.000000 0.000000 1.000006 0.000001 -1.000000 0.000000 1.000006 0.000001 0.000000 2780.dat
1 71 270.001200 -177.999900 1880.002000 0.000000 0.000000 0.999992 -1.000000 0.000000 0.000000 0.000000 -0.999992 0.000000 32526.dat
1 71 350.045500 -257.998700 1879.995000 0.000000 0.000000 -0.999992 1.000000 0.000000 0.000000 0.000000 -0.999992 0.000000 32526.dat
1 0 270.045500 -177.998400 1869.995000 0.000000 0.000000 -0.999992 0.000001 -1.000000 0.000000 -0.999992 -0.000001 0.000000 2780.dat
1 0 270.045500 -257.998700 1869.994000 0.000000 0.000000 -0.999992 0.000001 -1.000000 0.000000 -0.999992 -0.000001 0.000000 2780.dat
1 0 270.045500 -217.998300 1869.995000 0.000000 0.000000 -0.999992 0.000001 -1.000000 0.000000 -0.999992 -0.000001 0.000000 2780.dat
1 71 270.000900 -317.999900 1880.003000 0.000000 0.000000 0.999992 -1.000000 0.000000 0.000000 0.000000 -0.999992 0.000000 32526.dat
1 71 350.046400 -397.998800 1879.995000 0.000000 0.000000 -0.999996 1.000000 0.000000 0.000000 0.000000 -0.999996 0.000000 32526.dat
1 0 270.046300 -317.998600 1869.994000 0.000000 0.000000 -0.999996 0.000001 -1.000000 0.000000 -0.999996 -0.000001 0.000000 2780.dat
1 0 270.046200 -397.998800 1869.994000 0.000000 0.000000 -0.999996 0.000001 -1.000000 0.000000 -0.999996 -0.000001 0.000000 2780.dat
1 0 270.046200 -357.998400 1869.994000 0.000000 0.000000 -0.999996 0.000001 -1.000000 0.000000 -0.999996 -0.000001 0.000000 2780.dat
1 71 310.012300 -518.000600 1120.002000 0.000000 0.000000 -1.000000 -1.000000 0.000000 0.000000 0.000000 1.000000 0.000000 14720.dat
1 0 270.011100 -538.000100 1110.002000 0.000000 1.000000 0.000000 0.000000 0.000000 1.000000 1.000000 0.000000 0.000000 2780.dat
1 0 270.011100 -498.000200 1110.002000 0.000000 1.000000 0.000000 0.000000 0.000000 1.000000 1.000000 0.000000 0.000000 2780.dat
1 71 310.012900 -518.000400 1879.999000 0.000000 0.000000 -1.000000 -1.000000 0.000000 0.000000 0.000000 1.000000 0.000000 14720.dat
1 0 270.011800 -537.999800 1869.999000 0.000000 1.000000 0.000000 0.000000 0.000000 1.000000 1.000000 0.000000 0.000000 2780.dat
1 0 270.011800 -498.000000 1869.999000 0.000000 1.000000 0.000000 0.000000 0.000000 1.000000 1.000000 0.000000 0.000000 2780.dat
1 71 310.057200 -517.998200 1759.993000 0.000000 0.000000 -1.000000 1.000000 0.000000 0.000000 0.000000 -1.000000 0.000000 14720.dat
1 0 270.056000 -498.000700 1769.994000 0.000000 1.000000 0.000000 0.000000 0.000000 -1.000000 -1.000000 0.000000 0.000000 2780.dat
1 0 270.056200 -538.001600 1769.994000 0.000000 1.000000 0.000000 0.000000 0.000000 -1.000000 -1.000000 0.000000 0.000000 2780.dat
1 71 310.052100 -517.997700 1000.001000 0.000000 0.000000 -1.000000 1.000000 0.000000 0.000000 0.000000 -1.000000 0.000000 14720.dat
1 0 270.051500 -498.000600 1010.002000 0.000000 1.000000 0.000000 0.000000 0.000000 -1.000000 -1.000000 0.000000 0.000000 2780.dat
1 0 270.051800 -538.001600 1010.002000 0.000000 1.000000 0.000000 0.000000 0.000000 -1.000000 -1.000000 0.000000 0.000000 2780.dat
1 0 349.996100 -178.000300 250.007200 0.000000 0.000000 1.000000 0.000001 -1.000000 0.000000 1.000000 0.000001 0.000000 2780.dat
1 0 349.996100 -218.000300 250.007200 0.000000 0.000000 1.000000 0.000001 -1.000000 0.000000 1.000000 0.000001 0.000000 2780.dat
1 0 349.996100 -258.000300 250.007200 0.000000 0.000000 1.000000 0.000001 -1.000000 0.000000 1.000000 0.000001 0.000000 2780.dat
1 0 349.996300 -318.000500 250.007400 0.000000 0.000000 1.000000 0.000001 -1.000000 0.000000 1.000000 0.000001 0.000000 2780.dat
1 0 349.996300 -358.000500 250.007400 0.000000 0.000000 1.000000 0.000001 -1.000000 0.000000 1.000000 0.000001 0.000000 2780.dat
1 0 349.996300 -398.000500 250.007400 0.000000 0.000000 1.000000 0.000001 -1.000000 0.000000 1.000000 0.000001 0.000000 2780.dat
1 0 350.000300 -178.000100 -510.003600 0.000000 0.000000 1.000000 0.000001 -1.000000 0.000000 1.000000 0.000001 0.000000 2780.dat
1 0 350.000900 -318.000200 -510.003600 0.000000 0.000000 1.000014 0.000001 -1.000000 0.000000 1.000015 0.000001 0.000000 2780.dat
1 0 350.000900 -398.000200 -510.003500 0.000000 0.000000 1.000014 0.000001 -1.000000 0.000000 1.000015 0.000001 0.000000 2780.dat
1 0 350.000900 -358.000200 -510.003600 0.000000 0.000000 1.000014 0.000001 -1.000000 0.000000 1.000015 0.000001 0.000000 2780.dat
1 0 350.000900 -178.000100 1769.995000 0.000000 0.000000 0.999992 0.000001 -1.000000 0.000000 0.999992 0.000001 0.000000 2780.dat
1 0 350.000900 -258.000100 1769.995000 0.000000 0.000000 0.999992 0.000001 -1.000000 0.000000 0.999992 0.000001 0.000000 2780.dat
1 0 350.000900 -218.000100 1769.995000 0.000000 0.000000 0.999992 0.000001 -1.000000 0.000000 0.999992 0.000001 0.000000 2780.dat
1 0 350.001500 -318.000200 1769.995000 0.000000 0.000000 1.000006 0.000001 -1.000000 0.000000 1.000006 0.000001 0.000000 2780.dat
1 0 350.001500 -398.000200 1769.995000 0.000000 0.000000 1.000006 0.000001 -1.000000 0.000000 1.000006 0.000001 0.000000 2780.dat
1 0 350.001500 -358.000200 1769.995000 0.000000 0.000000 1.000006 0.000001 -1.000000 0.000000 1.000006 0.000001 0.000000 2780.dat
1 0 349.996800 -178.000300 1010.007000 0.000000 0.000000 0.999983 0.000001 -1.000000 0.000000 0.999983 0.000001 0.000000 2780.dat
1 0 349.996800 -218.000300 1010.007000 0.000000 0.000000 0.999983 0.000001 -1.000000 0.000000 0.999983 0.000001 0.000000 2780.dat
1 0 349.996800 -258.000200 1010.007000 0.000000 0.000000 0.999983 0.000001 -1.000000 0.000000 0.999983 0.000001 0.000000 2780.dat
1 0 349.996800 -318.000500 1010.007000 0.000000 0.000000 0.999983 0.000001 -1.000000 0.000000 0.999983 0.000001 0.000000 2780.dat
1 0 349.996800 -358.000500 1010.007000 0.000000 0.000000 0.999983 0.000001 -1.000000 0.000000 0.999983 0.000001 0.000000 2780.dat
1 0 349.996800 -398.000500 1010.007000 0.000000 0.000000 0.999983 0.000001 -1.000000 0.000000 0.999983 0.000001 0.000000 2780.dat
1 0 350.000900 -177.999900 1870.002000 0.000000 0.000000 -0.999992 0.000001 -1.000000 0.000000 -0.999992 -0.000001 0.000000 2780.dat
1 0 350.000900 -217.999600 1870.002000 0.000000 0.000000 -0.999992 0.000001 -1.000000 0.000000 -0.999992 -0.000001 0.000000 2780.dat
1 0 350.000900 -258.000100 1870.002000 0.000000 0.000000 -0.999992 0.000001 -1.000000 0.000000 -0.999992 -0.000001 0.000000 2780.dat
1 0 350.001700 -318.000000 1870.002000 0.000000 0.000000 -0.999996 0.000001 -1.000000 0.000000 -0.999996 -0.000001 0.000000 2780.dat
1 0 350.001700 -357.999800 1870.002000 0.000000 0.000000 -0.999996 0.000001 -1.000000 0.000000 -0.999996 -0.000001 0.000000 2780.dat
1 0 350.001700 -398.000200 1870.002000 0.000000 0.000000 -0.999996 0.000001 -1.000000 0.000000 -0.999996 -0.000001 0.000000 2780.dat
1 0 349.997100 -178.002800 350.008300 0.000000 0.000000 -0.999997 -0.000001 -1.000000 0.000000 -0.999997 0.000001 0.000000 2780.dat
1 0 349.997000 -218.002800 350.007500 0.000000 0.000000 -1.000000 -0.000001 -1.000000 0.000000 -1.000000 0.000001 0.000000 2780.dat
1 0 349.997100 -258.002600 350.007600 0.000000 0.000000 -1.000000 -0.000001 -1.000000 0.000000 -1.000000 0.000001 0.000000 2780.dat
1 0 349.996200 -318.002900 350.007800 0.000000 0.000000 -1.000000 -0.000001 -1.000000 0.000000 -1.000000 0.000001 0.000000 2780.dat
1 0 349.996200 -358.002900 350.008000 0.000000 0.000000 -1.000000 -0.000001 -1.000000 0.000000 -1.000000 0.000001 0.000000 2780.dat
1 0 349.996200 -398.002900 350.008000 0.000000 0.000000 -1.000000 -0.000001 -1.000000 0.000000 -1.000000 0.000001 0.000000 2780.dat
1 0 350.000200 -177.999900 -410.003000 0.000000 0.000000 -1.000000 0.000001 -1.000000 0.000000 -1.000000 -0.000001 0.000000 2780.dat
1 0 350.000300 -217.999700 -410.003000 0.000000 0.000000 -1.000000 0.000001 -1.000000 0.000000 -1.000000 -0.000001 0.000000 2780.dat
1 0 350.000300 -258.000100 -410.003000 0.000000 0.000000 -1.000000 0.000001 -1.000000 0.000000 -1.000000 -0.000001 0.000000 2780.dat
1 0 350.001100 -318.000100 -410.003000 0.000000 0.000000 -1.000005 0.000001 -1.000000 0.000000 -1.000005 -0.000001 0.000000 2780.dat
1 0 350.001200 -357.999900 -410.003000 0.000000 0.000000 -1.000005 0.000001 -1.000000 0.000000 -1.000005 -0.000001 0.000000 2780.dat
1 0 350.001200 -398.000200 -410.003000 0.000000 0.000000 -1.000005 0.000001 -1.000000 0.000000 -1.000005 -0.000001 0.000000 2780.dat
1 0 349.997000 -178.002700 1110.009000 0.000000 0.000000 -0.999979 -0.000001 -1.000000 0.000000 -0.999979 0.000001 0.000000 2780.dat
1 0 349.997000 -218.002800 1110.009000 0.000000 0.000000 -0.999982 -0.000001 -1.000000 0.000000 -0.999983 0.000001 0.000000 2780.dat
1 0 349.997000 -258.002500 1110.009000 0.000000 0.000000 -0.999982 -0.000001 -1.000000 0.000000 -0.999983 0.000001 0.000000 2780.dat
1 0 349.997000 -318.003000 1110.008000 0.000000 0.000000 -0.999982 -0.000001 -1.000000 0.000000 -0.999983 0.000001 0.000000 2780.dat
1 0 349.997000 -358.002900 1110.008000 0.000000 0.000000 -0.999982 -0.000001 -1.000000 0.000000 -0.999983 0.000001 0.000000 2780.dat
1 0 349.997000 -398.002900 1110.009000 0.000000 0.000000 -0.999982 -0.000001 -1.000000 0.000000 -0.999983 0.000001 0.000000 2780.dat
1 0 350.011000 -538.000100 1110.002000 0.000000 1.000000 0.000000 0.000000 0.000000 1.000000 1.000000 0.000000 0.000000 2780.dat
1 0 350.010700 -498.000300 1110.003000 0.000000 1.000000 0.000000 0.000000 0.000000 1.000000 1.000000 0.000000 0.000000 2780.dat
1 0 350.011700 -537.999800 1869.999000 0.000000 1.000000 0.000000 0.000000 0.000000 1.000000 1.000000 0.000000 0.000000 2780.dat
1 0 350.011400 -498.000100 1870.000000 0.000000 1.000000 0.000000 0.000000 0.000000 1.000000 1.000000 0.000000 0.000000 2780.dat
1 0 350.055900 -498.000700 1769.994000 0.000000 1.000000 0.000000 0.000000 0.000000 -1.000000 -1.000000 0.000000 0.000000 2780.dat
1 0 350.055700 -538.001500 1769.993000 0.000000 1.000000 0.000000 0.000000 0.000000 -1.000000 -1.000000 0.000000 0.000000 2780.dat
1 0 350.051200 -538.002200 350.002600 0.000000 1.000008 0.000000 0.000000 0.000000 1.000000 1.000008 0.000000 0.000000 2780.dat
1 0 350.051000 -498.002500 350.003600 0.000000 1.000008 0.000000 0.000000 0.000000 1.000000 1.000008 0.000000 0.000000 2780.dat
1 0 350.006900 -538.002100 250.009400 0.000000 -1.000008 0.000000 0.000000 0.000000 1.000000 -1.000008 0.000000 0.000000 2780.dat
1 0 350.006900 -498.002300 250.009400 0.000000 -1.000008 0.000000 0.000000 0.000000 1.000000 -1.000008 0.000000 0.000000 2780.dat
1 0 350.051500 -498.000700 1010.002000 0.000000 1.000000 0.000000 0.000000 0.000000 -1.000000 -1.000000 0.000000 0.000000 2780.dat
1 0 350.051300 -538.001600 1010.001000 0.000000 1.000000 0.000000 0.000000 0.000000 -1.000000 -1.000000 0.000000 0.000000 2780.dat
1 0 350.055500 -538.001600 -410.010100 0.000000 1.000008 0.000000 0.000000 0.000000 1.000000 1.000008 0.000000 0.000000 2780.dat
1 0 350.055400 -498.001800 -410.008700 0.000000 1.000008 0.000000 0.000000 0.000000 1.000000 1.000008 0.000000 0.000000 2780.dat
1 0 350.011100 -538.001500 -510.004100 0.000000 -1.000008 0.000000 0.000000 0.000000 1.000000 -1.000008 0.000000 0.000000 2780.dat
1 0 350.011100 -498.001600 -510.004200 0.000000 -1.000008 0.000000 0.000000 0.000000 1.000000 -1.000008 0.000000 0.000000 2780.dat
1 1 270.039900 -18.001660 1100.001000 1.000000 0.000000 0.000000 0.000000 1.000000 0.000000 0.000000 0.000000 1.000000 6558.dat
1 1 270.040200 -18.001620 1020.002000 1.000000 0.000000 0.000000 0.000000 1.000000 0.000000 0.000000 0.000000 1.000000 6558.dat
1 0 350.000300 -258.000100 -510.003500 0.000000 0.000000 1.000000 0.000001 -1.000000 0.000000 1.000000 0.000001 0.000000 2780.dat
1 0 350.000300 -218.000100 -510.003600 0.000000 0.000000 1.000000 0.000001 -1.000000 0.000000 1.000000 0.000001 0.000000 2780.dat
1 71 290.045200 -138.001400 -420.010200 0.000000 1.000008 0.000000 0.000000 0.000000 -1.000000 -1.000008 0.000000 0.000000 32524.dat
1 0 380.001400 -605.988000 2260.000000 -1.000000 0.000000 0.000000 0.000000 1.000000 0.000000 0.000000 0.000000 -1.000000 2780.dat
1 0 380.001400 -605.988000 2220.000000 -1.000000 0.000000 0.000000 0.000000 1.000000 0.000000 0.000000 0.000000 -1.000000 2780.dat
1 71 370.001300 -591.988000 2240.000000 0.000000 0.000000 1.000000 0.000000 1.000000 0.000000 -1.000000 0.000000 0.000000 3701.dat
1 71 370.001400 -615.988000 2240.000000 0.000000 0.000000 1.000000 0.000000 1.000000 0.000000 -1.000000 0.000000 0.000000 3701.dat
1 72 380.001400 -623.988000 2260.000000 0.000000 0.000000 -1.000000 0.000000 1.000000 0.000000 1.000000 0.000000 0.000000 87079.dat
1 71 390.001400 -605.988000 2160.000000 0.000000 -1.000000 0.000000 -1.000000 0.000000 0.000000 0.000000 0.000000 -1.000000 32009.dat
1 71 360.011000 -576.010400 1150.008000 0.000000 0.000000 -1.000000 0.000000 1.000000 0.000000 1.000000 0.000000 0.000000 26603.dat
1 72 360.010200 -576.010400 1080.004000 0.000000 0.000000 -1.000000 0.000000 1.000000 0.000000 1.000000 0.000000 0.000000 87079.dat
1 71 360.010000 -576.010400 1290.003000 0.000000 0.000000 -1.000000 0.000000 1.000000 0.000000 1.000000 0.000000 0.000000 26603.dat
1 72 360.016000 -576.010400 1220.009000 0.000000 0.000000 -1.000007 0.000000 1.000000 0.000000 1.000007 0.000000 0.000000 87079.dat
1 71 360.011400 -576.010400 1430.007000 0.000000 0.000000 -1.000000 0.000000 1.000000 0.000000 1.000000 0.000000 0.000000 26603.dat
1 72 360.010000 -576.010400 1360.003000 0.000000 0.000000 -1.000000 0.000000 1.000000 0.000000 1.000000 0.000000 0.000000 87079.dat
1 71 360.009800 -576.010400 1570.003000 0.000000 0.000000 -1.000000 0.000000 1.000000 0.000000 1.000000 0.000000 0.000000 26603.dat
1 72 360.015700 -576.010400 1500.009000 0.000000 0.000000 -1.000007 0.000000 1.000000 0.000000 1.000007 0.000000 0.000000 87079.dat
1 71 360.005200 -576.010400 1710.002000 0.000000 0.000000 -0.999994 0.000000 1.000000 0.000000 0.999994 0.000000 0.000000 26603.dat
1 72 360.005000 -576.010400 1640.000000 0.000000 0.000000 -0.999994 0.000000 1.000000 0.000000 0.999994 0.000000 0.000000 87079.dat
1 71 360.004900 -576.010400 1849.999000 0.000000 0.000000 -0.999994 0.000000 1.000000 0.000000 0.999994 0.000000 0.000000 26603.dat
1 72 360.010800 -576.010400 1780.005000 0.000000 0.000000 -1.000000 0.000000 1.000000 0.000000 1.000000 0.000000 0.000000 87079.dat
1 71 360.009900 -576.010400 1990.010000 0.000000 0.000000 -1.000000 0.000000 1.000000 0.000000 1.000000 0.000000 0.000000 26603.dat
1 72 360.009300 -576.010400 1920.006000 0.000000 0.000000 -1.000000 0.000000 1.000000 0.000000 1.000000 0.000000 0.000000 87079.dat
1 71 360.009100 -576.010400 2110.007000 0.000000 0.000000 -1.000000 0.000000 1.000000 0.000000 1.000000 0.000000 0.000000 26603.dat
1 72 360.009300 -576.010400 2050.007000 0.000000 0.000000 -1.000000 0.000000 1.000000 0.000000 1.000000 0.000000 0.000000 26603.dat
1 72 360.009300 -576.010400 2170.007000 0.000000 0.000000 -1.000000 0.000000 1.000000 0.000000 1.000000 0.000000 0.000000 26603.dat
1 71 360.012800 -576.010400 870.005100 0.000000 0.000000 -1.000000 0.000000 1.000000 0.000000 1.000000 0.000000 0.000000 26603.dat
1 72 360.010300 -576.010400 800.004100 0.000000 0.000000 -1.000000 0.000000 1.000000 0.000000 1.000000 0.000000 0.000000 87079.dat
1 71 360.010300 -576.010400 1010.004000 0.000000 0.000000 -1.000000 0.000000 1.000000 0.000000 1.000000 0.000000 0.000000 26603.dat
1 72 360.016200 -576.010400 940.009400 0.000000 0.000000 -1.000007 0.000000 1.000000 0.000000 1.000007 0.000000 0.000000 87079.dat
1 71 360.004200 -576.010600 589.999500 0.000000 0.000000 -0.999994 0.000000 1.000000 0.000000 0.999994 0.000000 0.000000 26603.dat
1 72 360.004600 -576.010600 520.000400 0.000000 0.000000 -0.999996 0.000000 1.000000 0.000000 0.999996 0.000000 0.000000 87079.dat
1 71 360.004200 -576.010600 729.999200 0.000000 0.000000 -0.999996 0.000000 1.000000 0.000000 0.999996 0.000000 0.000000 26603.dat
1 72 360.010400 -576.010600 660.004700 0.000000 0.000000 -1.000002 0.000000 1.000000 0.000000 1.000002 0.000000 0.000000 87079.dat
1 71 360.010900 -576.010600 310.005800 0.000000 0.000000 -1.000000 0.000000 1.000000 0.000000 1.000000 0.000000 0.000000 26603.dat
1 72 360.010500 -576.010600 240.005300 0.000000 0.000000 -1.000002 0.000000 1.000000 0.000000 1.000002 0.000000 0.000000 87079.dat
1 71 360.010300 -576.010600 450.005500 0.000000 0.000000 -1.000002 0.000000 1.000000 0.000000 1.000002 0.000000 0.000000 26603.dat
1 72 360.016200 -576.010600 380.011000 0.000000 0.000000 -1.000008 0.000000 1.000000 0.000000 1.000008 0.000000 0.000000 87079.dat
1 71 360.015500 -576.021000 30.005000 0.000000 0.000000 -0.999994 0.000000 1.000000 0.000000 0.999994 0.000000 0.000000 26603.dat
1 72 360.015300 -576.021000 -39.993960 0.000000 0.000000 -0.999994 0.000000 1.000000 0.000000 0.999994 0.000000 0.000000 87079.dat
1 71 360.015100 -576.021000 170.004200 0.000000 0.000000 -0.999994 0.000000 1.000000 0.000000 0.999994 0.000000 0.000000 26603.dat
1 72 360.021000 -576.021000 100.010100 0.000000 0.000000 -1.000000 0.000000 1.000000 0.000000 1.000000 0.000000 0.000000 87079.dat
1 71 360.022100 -576.022200 -249.989400 0.000000 0.000000 -1.000000 0.000000 1.000000 0.000000 1.000000 0.000000 0.000000 26603.dat
1 72 360.022300 -576.022200 -319.989500 0.000000 0.000000 -1.000004 0.000000 1.000000 0.000000 1.000004 0.000000 0.000000 87079.dat
1 71 360.021800 -576.022200 -109.988600 0.000000 0.000000 -1.000004 0.000000 1.000000 0.000000 1.000004 0.000000 0.000000 26603.dat
1 72 360.028000 -576.022200 -179.984100 0.000000 0.000000 -1.000010 0.000000 1.000000 0.000000 1.000010 0.000000 0.000000 87079.dat
1 71 360.021400 -576.022200 -389.985600 0.000000 0.000000 -1.000000 0.000000 1.000000 0.000000 1.000000 0.000000 0.000000 26603.dat
1 72 360.021000 -576.022200 -459.986000 0.000000 0.000000 -1.000007 0.000000 1.000000 0.000000 1.000007 0.000000 0.000000 87079.dat
1 71 360.021400 -576.022200 -529.984400 0.000000 0.000000 -1.000000 0.000000 1.000000 0.000000 1.000000 0.000000 0.000000 26603.dat
1 71 360.029900 -575.998700 -649.981300 0.000000 0.000000 -1.000000 0.000000 1.000000 0.000000 1.000000 0.000000 0.000000 26603.dat
1 71 360.029900 -575.998700 -769.980800 0.000000 0.000000 -1.000000 0.000000 1.000000 0.000000 1.000000 0.000000 0.000000 26603.dat
1 71 360.029900 -575.998700 -889.979200 0.000000 0.000000 -1.000000 0.000000 1.000000 0.000000 1.000000 0.000000 0.000000 26603.dat
1 72 360.029900 -575.998700 -829.980200 0.000000 0.000000 -1.000000 0.000000 1.000000 0.000000 1.000000 0.000000 0.000000 26603.dat
1 72 360.029900 -575.998700 -709.981000 0.000000 0.000000 -1.000000 0.000000 1.000000 0.000000 1.000000 0.000000 0.000000 26603.dat
1 72 360.021500 -576.022200 -589.984500 0.000000 0.000000 -1.000000 0.000000 1.000000 0.000000 1.000000 0.000000 0.000000 26603.dat
0 STUDIOSTEPDESC Main Rails - Back
0 STEP
1 71 1129.947000 -518.003100 999.989700 0.000000 0.000001 1.000011 -1.000000 0.000000 0.000000 0.000000 -1.000011 0.000000 14720.dat
1 0 1169.951000 -538.002400 1009.990000 0.000001 -1.000011 0.000000 0.000000 0.000000 1.000000 -1.000011 0.000000 0.000000 2780.dat
1 0 1169.951000 -498.002700 1009.990000 0.000001 -1.000011 0.000000 0.000000 0.000000 1.000000 -1.000011 0.000000 0.000000 2780.dat
1 71 1129.993000 -518.002300 1119.984000 0.000000 -0.000001 -1.000011 -1.000000 0.000000 0.000000 0.000000 1.000011 0.000000 14720.dat
1 0 1169.995000 -538.002400 1109.985000 -0.000001 1.000011 0.000000 0.000000 0.000000 1.000000 1.000011 0.000000 0.000000 2780.dat
1 0 1169.995000 -498.002600 1109.985000 -0.000001 1.000011 0.000000 0.000000 0.000000 1.000000 1.000011 0.000000 0.000000 2780.dat
1 71 1129.942000 -518.002400 1760.008000 0.000000 0.000001 1.000011 -1.000000 0.000000 0.000000 0.000000 -1.000011 0.000000 14720.dat
1 0 1169.945000 -538.001900 1770.007000 0.000001 -1.000011 0.000000 0.000000 0.000000 1.000000 -1.000011 0.000000 0.000000 2780.dat
1 0 1169.945000 -498.002100 1770.008000 0.000001 -1.000011 0.000000 0.000000 0.000000 1.000000 -1.000011 0.000000 0.000000 2780.dat
1 71 1129.987000 -518.001800 1880.002000 0.000000 -0.000001 -1.000011 -1.000000 0.000000 0.000000 0.000000 1.000011 0.000000 14720.dat
1 0 1169.989000 -538.001600 1870.003000 -0.000001 1.000011 0.000000 0.000000 0.000000 1.000000 1.000011 0.000000 0.000000 2780.dat
1 0 1169.989000 -498.001900 1870.004000 -0.000001 1.000011 0.000000 0.000000 0.000000 1.000000 1.000011 0.000000 0.000000 2780.dat
1 71 1149.949000 -338.001500 1099.994000 0.000001 -1.000011 0.000000 0.000000 0.000000 1.000000 -1.000011 0.000000 0.000000 41239.dat
1 71 1149.949000 -338.001600 1019.992000 0.000001 -1.000011 0.000000 0.000000 0.000000 1.000000 -1.000011 0.000000 0.000000 41239.dat
1 71 1169.951000 -498.002100 1059.992000 0.000001 1.000011 0.000000 0.000000 0.000000 -1.000000 -1.000011 0.000000 0.000000 64179.dat
1 0 1159.949000 -438.001600 1099.995000 -1.000012 -0.000002 0.000001 0.000001 0.000000 1.000001 0.000000 1.000011 0.000000 2780.dat
1 0 1159.948000 -438.001600 1019.992000 -1.000012 -0.000002 0.000001 0.000001 0.000000 1.000001 0.000000 1.000011 0.000000 2780.dat
1 71 1169.961000 -358.001700 1059.992000 0.000001 1.000011 0.000000 0.000000 0.000000 -1.000000 -1.000011 0.000000 0.000000 64179.dat
1 0 1159.949000 -418.001700 1019.992000 -1.000019 -0.000001 0.000001 0.000001 0.000000 1.000008 0.000000 1.000011 0.000000 2780.dat
1 0 1159.950000 -418.001900 1099.993000 -1.000019 -0.000001 0.000001 0.000001 0.000000 1.000008 0.000000 1.000011 0.000000 2780.dat
1 0 1169.951000 -428.001900 1039.991000 -0.000001 1.000019 -0.000001 -1.000008 -0.000001 0.000000 0.000000 0.000000 1.000011 2780.dat
1 0 1169.951000 -428.001900 1079.992000 -0.000001 1.000019 -0.000001 -1.000008 -0.000001 0.000000 0.000000 0.000000 1.000011 2780.dat
1 0 1159.950000 -378.001500 1099.993000 1.000019 0.000001 0.000000 0.000000 0.000000 1.000008 0.000000 -1.000011 0.000000 2780.dat
1 0 1159.949000 -378.001800 1019.992000 -1.000019 -0.000001 0.000001 0.000001 0.000000 1.000008 0.000000 1.000011 0.000000 2780.dat
1 0 1159.950000 -338.001000 1099.993000 -1.000018 -0.000001 0.000001 0.000001 0.000000 1.000007 0.000000 1.000011 0.000000 2780.dat
1 0 1159.949000 -338.001000 1019.992000 -1.000018 -0.000001 0.000001 0.000001 0.000000 1.000007 0.000000 1.000011 0.000000 2780.dat
1 71 1149.959000 -138.001800 1099.992000 -0.000001 -1.000011 0.000000 0.000000 0.000000 -1.000000 1.000011 0.000000 0.000000 32524.dat
1 0 1159.950000 -298.001600 1099.993000 -1.000015 -0.000002 0.000001 0.000001 0.000000 1.000004 0.000000 1.000011 0.000000 2780.dat
1 0 1159.949000 -298.001600 1019.991000 -1.000015 -0.000002 0.000001 0.000001 0.000000 1.000004 0.000000 1.000011 0.000000 2780.dat
1 71 1149.959000 -138.001800 1019.991000 -0.000001 -1.000011 0.000000 0.000000 0.000000 -1.000000 1.000011 0.000000 0.000000 32524.dat
1 71 1169.962000 -218.001800 1059.991000 0.000001 1.000011 0.000000 0.000000 0.000000 -1.000000 -1.000011 0.000000 0.000000 64179.dat
1 0 1159.959000 -278.001900 1019.991000 -1.000013 -0.000001 0.000001 0.000001 0.000000 1.000002 0.000000 1.000011 0.000000 2780.dat
1 0 1159.959000 -278.001800 1099.993000 -1.000013 -0.000001 0.000001 0.000001 0.000000 1.000002 0.000000 1.000011 0.000000 2780.dat
1 0 1169.961000 -288.002200 1039.990000 -0.000001 1.000013 -0.000001 -1.000002 -0.000001 0.000000 0.000000 0.000000 1.000011 2780.dat
1 0 1169.961000 -288.002000 1079.991000 -0.000001 1.000013 -0.000001 -1.000002 -0.000001 0.000000 0.000000 0.000000 1.000011 2780.dat
1 0 1159.959000 -238.001900 1099.993000 1.000013 0.000001 0.000000 0.000000 0.000000 1.000002 0.000000 -1.000011 0.000000 2780.dat
1 0 1159.959000 -238.002100 1019.991000 -1.000013 -0.000001 0.000001 0.000001 0.000000 1.000002 0.000000 1.000011 0.000000 2780.dat
1 0 1159.959000 -198.001900 1099.993000 -1.000012 -0.000001 0.000001 0.000001 0.000000 1.000001 0.000000 1.000011 0.000000 2780.dat
1 0 1159.959000 -158.001800 1099.993000 1.000012 0.000001 0.000000 0.000000 0.000000 1.000001 0.000000 -1.000011 0.000000 2780.dat
1 0 1159.959000 -198.001800 1019.991000 -1.000012 -0.000001 0.000001 0.000001 0.000000 1.000001 0.000000 1.000011 0.000000 2780.dat
1 0 1159.959000 -158.001800 1019.991000 1.000012 0.000001 0.000000 0.000000 0.000000 1.000001 0.000000 -1.000011 0.000000 2780.dat
1 71 1149.960000 -28.001860 1059.991000 -0.000001 0.000000 -1.000011 0.000000 1.000000 0.000000 1.000011 0.000000 0.000000 3894.dat
1 71 1169.962000 -78.001970 1059.991000 0.000001 1.000011 0.000000 0.000000 0.000000 -1.000000 -1.000011 0.000000 0.000000 64179.dat
1 0 1159.960000 -138.002000 1019.991000 -1.000011 -0.000001 0.000000 0.000000 0.000000 1.000000 0.000000 1.000011 0.000000 2780.dat
1 0 1159.960000 -138.002000 1099.992000 -1.000011 -0.000001 0.000000 0.000000 0.000000 1.000000 0.000000 1.000011 0.000000 2780.dat
1 0 1169.962000 -148.002100 1039.990000 0.000000 1.000011 -0.000001 -1.000000 0.000000 0.000000 0.000000 0.000000 1.000011 2780.dat
1 0 1169.962000 -148.002000 1079.991000 0.000000 1.000011 -0.000001 -1.000000 0.000000 0.000000 0.000000 0.000000 1.000011 2780.dat
1 0 1159.960000 -98.001960 1099.992000 1.000011 0.000001 0.000000 0.000000 0.000000 1.000000 0.000000 -1.000011 0.000000 2780.dat
1 0 1159.960000 -98.002090 1019.991000 -1.000011 -0.000001 0.000000 0.000000 0.000000 1.000000 0.000000 1.000011 0.000000 2780.dat
1 71 1189.962000 -28.001860 1059.991000 -0.000001 0.000000 -1.000011 0.000000 1.000000 0.000000 1.000011 0.000000 0.000000 3894.dat
1 1 1169.962000 -18.001900 1099.992000 -1.000011 0.000000 0.000001 0.000000 1.000000 0.000000 0.000000 0.000000 -1.000011 6558.dat
1 1 1169.962000 -18.001870 1019.991000 -1.000011 0.000000 0.000001 0.000000 1.000000 0.000000 0.000000 0.000000 -1.000011 6558.dat
1 71 1149.944000 -338.001300 1860.012000 0.000001 -1.000011 0.000000 0.000000 0.000000 1.000000 -1.000011 0.000000 0.000000 41239.dat
1 71 1149.943000 -338.001500 1780.009000 0.000001 -1.000011 0.000000 0.000000 0.000000 1.000000 -1.000011 0.000000 0.000000 41239.dat
1 71 1169.945000 -498.002000 1820.011000 0.000001 1.000011 0.000000 0.000000 0.000000 -1.000000 -1.000011 0.000000 0.000000 64179.dat
1 0 1159.943000 -438.001500 1860.012000 -1.000012 -0.000002 0.000001 0.000001 0.000000 1.000001 0.000000 1.000011 0.000000 2780.dat
1 0 1159.942000 -438.001500 1780.009000 -1.000012 -0.000002 0.000001 0.000001 0.000000 1.000001 0.000000 1.000011 0.000000 2780.dat
1 71 1169.955000 -358.001700 1820.010000 0.000001 1.000011 0.000000 0.000000 0.000000 -1.000000 -1.000011 0.000000 0.000000 64179.dat
1 0 1159.943000 -418.001600 1780.008000 -1.000019 -0.000001 0.000001 0.000001 0.000000 1.000008 0.000000 1.000011 0.000000 2780.dat
1 0 1159.944000 -418.001700 1860.010000 -1.000019 -0.000001 0.000001 0.000001 0.000000 1.000008 0.000000 1.000011 0.000000 2780.dat
1 0 1169.945000 -428.001700 1800.008000 -0.000001 1.000019 -0.000001 -1.000008 -0.000001 0.000000 0.000000 0.000000 1.000011 2780.dat
1 0 1169.945000 -428.001700 1840.011000 -0.000001 1.000019 -0.000001 -1.000008 -0.000001 0.000000 0.000000 0.000000 1.000011 2780.dat
1 0 1159.944000 -378.001400 1860.010000 1.000019 0.000001 0.000000 0.000000 0.000000 1.000008 0.000000 -1.000011 0.000000 2780.dat
1 0 1159.943000 -378.001700 1780.008000 -1.000019 -0.000001 0.000001 0.000001 0.000000 1.000008 0.000000 1.000011 0.000000 2780.dat
1 0 1159.944000 -338.000900 1860.010000 -1.000018 -0.000001 0.000001 0.000001 0.000000 1.000007 0.000000 1.000011 0.000000 2780.dat
1 0 1159.943000 -338.000900 1780.008000 -1.000018 -0.000001 0.000001 0.000001 0.000000 1.000007 0.000000 1.000011 0.000000 2780.dat
1 71 1149.954000 -138.001700 1860.010000 -0.000001 -1.000011 0.000000 0.000000 0.000000 -1.000000 1.000011 0.000000 0.000000 32524.dat
1 0 1159.944000 -298.001500 1860.010000 -1.000015 -0.000002 0.000001 0.000001 0.000000 1.000004 0.000000 1.000011 0.000000 2780.dat
1 0 1159.943000 -298.001500 1780.008000 -1.000015 -0.000002 0.000001 0.000001 0.000000 1.000004 0.000000 1.000011 0.000000 2780.dat
1 71 1169.956000 -218.001700 1820.010000 0.000001 1.000011 0.000000 0.000000 0.000000 -1.000000 -1.000011 0.000000 0.000000 64179.dat
1 0 1159.953000 -278.001700 1780.008000 -1.000013 -0.000001 0.000001 0.000001 0.000000 1.000002 0.000000 1.000011 0.000000 2780.dat
1 0 1159.953000 -278.001700 1860.010000 -1.000013 -0.000001 0.000001 0.000001 0.000000 1.000002 0.000000 1.000011 0.000000 2780.dat
1 0 1169.955000 -288.002000 1800.008000 -0.000001 1.000013 -0.000001 -1.000002 -0.000001 0.000000 0.000000 0.000000 1.000011 2780.dat
1 0 1169.955000 -288.001800 1840.011000 -0.000001 1.000013 -0.000001 -1.000002 -0.000001 0.000000 0.000000 0.000000 1.000011 2780.dat
1 0 1159.953000 -238.001700 1860.010000 1.000013 0.000001 0.000000 0.000000 0.000000 1.000002 0.000000 -1.000011 0.000000 2780.dat
1 0 1159.953000 -238.001900 1780.008000 -1.000013 -0.000001 0.000001 0.000001 0.000000 1.000002 0.000000 1.000011 0.000000 2780.dat
1 0 1159.953000 -198.001700 1860.010000 -1.000012 -0.000001 0.000001 0.000001 0.000000 1.000001 0.000000 1.000011 0.000000 2780.dat
1 0 1159.953000 -158.001700 1860.010000 1.000012 0.000001 0.000000 0.000000 0.000000 1.000001 0.000000 -1.000011 0.000000 2780.dat
1 0 1159.953000 -198.001700 1780.008000 -1.000012 -0.000001 0.000001 0.000001 0.000000 1.000001 0.000000 1.000011 0.000000 2780.dat
1 0 1159.953000 -158.001700 1780.008000 1.000012 0.000001 0.000000 0.000000 0.000000 1.000001 0.000000 -1.000011 0.000000 2780.dat
1 71 1149.954000 -28.001730 1820.010000 -0.000001 0.000000 -1.000011 0.000000 1.000000 0.000000 1.000011 0.000000 0.000000 3894.dat
1 71 1169.956000 -78.001840 1820.010000 0.000001 1.000011 0.000000 0.000000 0.000000 -1.000000 -1.000011 0.000000 0.000000 64179.dat
1 0 1159.953000 -138.001800 1780.008000 -1.000011 -0.000001 0.000000 0.000000 0.000000 1.000000 0.000000 1.000011 0.000000 2780.dat
1 0 1159.954000 -138.001800 1860.010000 -1.000011 -0.000001 0.000000 0.000000 0.000000 1.000000 0.000000 1.000011 0.000000 2780.dat
1 0 1169.956000 -148.002000 1800.008000 0.000000 1.000011 -0.000001 -1.000000 0.000000 0.000000 0.000000 0.000000 1.000011 2780.dat
1 0 1169.956000 -148.001800 1840.011000 0.000000 1.000011 -0.000001 -1.000000 0.000000 0.000000 0.000000 0.000000 1.000011 2780.dat
1 0 1159.954000 -98.001840 1860.010000 1.000011 0.000001 0.000000 0.000000 0.000000 1.000000 0.000000 -1.000011 0.000000 2780.dat
1 0 1159.953000 -98.001960 1780.008000 -1.000011 -0.000001 0.000000 0.000000 0.000000 1.000000 0.000000 1.000011 0.000000 2780.dat
1 71 1189.953000 -28.001760 1820.012000 -0.000001 0.000000 -1.000008 0.000000 1.000000 0.000000 1.000008 0.000000 0.000000 3894.dat
1 1 1169.956000 -18.001730 1860.010000 -1.000011 0.000000 0.000001 0.000000 1.000000 0.000000 0.000000 0.000000 -1.000011 6558.dat
1 1 1169.956000 -18.001740 1780.008000 -1.000011 0.000000 0.000001 0.000000 1.000000 0.000000 0.000000 0.000000 -1.000011 6558.dat
1 71 1089.954000 -178.001800 1880.011000 0.000000 0.000001 1.000003 -1.000000 0.000000 0.000000 0.000000 -1.000003 0.000001 32526.dat
1 71 1170.000000 -258.000200 1880.004000 0.000000 0.000000 -1.000003 1.000000 0.000000 0.000000 0.000000 -1.000003 0.000000 32526.dat
1 0 1169.956000 -178.001800 1870.011000 0.000000 0.000000 -1.000003 0.000001 -1.000000 0.000000 -1.000003 -0.000001 0.000000 2780.dat
1 0 1169.956000 -218.001800 1870.011000 0.000000 0.000000 -1.000003 0.000001 -1.000000 0.000000 -1.000003 -0.000001 0.000000 2780.dat
1 0 1169.956000 -258.001700 1870.011000 0.000000 0.000000 -1.000003 0.000001 -1.000000 0.000000 -1.000003 -0.000001 0.000000 2780.dat
1 71 1089.959000 -318.001900 1880.005000 0.000000 0.000001 1.000003 -1.000000 0.000000 0.000000 0.000000 -1.000003 0.000001 32526.dat
1 71 1169.999000 -398.000400 1880.004000 0.000000 0.000000 -1.000017 1.000000 0.000000 0.000000 0.000000 -1.000017 0.000000 32526.dat
1 0 1169.955000 -318.001900 1870.011000 0.000000 0.000000 -1.000017 0.000001 -1.000000 0.000000 -1.000017 -0.000001 0.000000 2780.dat
1 0 1169.955000 -358.001700 1870.011000 0.000000 0.000000 -1.000017 0.000001 -1.000000 0.000000 -1.000017 -0.000001 0.000000 2780.dat
1 0 1169.955000 -398.001900 1870.011000 0.000000 0.000000 -1.000017 0.000001 -1.000000 0.000000 -1.000017 -0.000001 0.000000 2780.dat
1 71 1169.999000 -178.000200 1760.001000 0.000000 -0.000001 -1.000003 -1.000000 0.000000 0.000000 0.000000 1.000003 -0.000001 32526.dat
1 71 1089.954000 -257.998900 1760.006000 0.000000 0.000000 1.000003 1.000000 0.000000 0.000000 0.000000 1.000003 0.000000 32526.dat
1 0 1169.955000 -177.998700 1770.008000 0.000000 0.000000 1.000003 0.000001 -1.000000 0.000000 1.000003 0.000001 0.000000 2780.dat
1 0 1169.955000 -257.998900 1770.008000 0.000000 0.000000 1.000003 0.000001 -1.000000 0.000000 1.000003 0.000001 0.000000 2780.dat
1 0 1169.955000 -217.998600 1770.008000 0.000000 0.000000 1.000003 0.000001 -1.000000 0.000000 1.000003 0.000001 0.000000 2780.dat
1 71 1170.000000 -318.000200 1759.999000 0.000000 -0.000001 -1.000003 -1.000000 0.000000 0.000000 0.000000 1.000003 -0.000001 32526.dat
1 71 1089.953000 -397.999000 1760.006000 0.000000 -0.000001 1.000008 1.000000 0.000000 0.000000 0.000000 1.000008 0.000000 32526.dat
1 0 1169.954000 -317.998800 1770.008000 -0.000001 0.000000 1.000008 0.000001 -1.000000 0.000000 1.000008 0.000001 0.000000 2780.dat
1 0 1169.955000 -397.999000 1770.008000 -0.000001 0.000000 1.000008 0.000001 -1.000000 0.000000 1.000008 0.000001 0.000000 2780.dat
1 0 1169.955000 -357.998600 1770.008000 -0.000001 0.000000 1.000008 0.000001 -1.000000 0.000000 1.000008 0.000001 0.000000 2780.dat
1 0 1169.962000 -178.001900 1109.993000 0.000000 0.000000 -1.000003 0.000001 -1.000000 0.000000 -1.000003 -0.000001 0.000000 2780.dat
1 0 1169.962000 -218.002000 1109.993000 0.000000 0.000000 -1.000003 0.000001 -1.000000 0.000000 -1.000003 -0.000001 0.000000 2780.dat
1 0 1169.962000 -258.001800 1109.993000 0.000000 0.000000 -1.000003 0.000001 -1.000000 0.000000 -1.000003 -0.000001 0.000000 2780.dat
1 0 1169.961000 -318.002000 1109.993000 0.000000 0.000000 -1.000003 0.000001 -1.000000 0.000000 -1.000003 -0.000001 0.000000 2780.dat
1 0 1169.961000 -358.001900 1109.993000 0.000000 0.000000 -1.000003 0.000001 -1.000000 0.000000 -1.000003 -0.000001 0.000000 2780.dat
1 0 1169.961000 -398.002000 1109.993000 0.000000 0.000000 -1.000003 0.000001 -1.000000 0.000000 -1.000003 -0.000001 0.000000 2780.dat
1 71 1090.003000 -398.000800 1119.987000 0.000000 0.000000 1.000003 1.000000 0.000000 0.000000 0.000000 1.000003 0.000000 32526.dat
1 71 1170.005000 -318.000800 1119.987000 0.000000 0.000000 -1.000003 -1.000000 0.000000 0.000000 0.000000 1.000003 0.000000 32526.dat
1 71 1089.956000 -258.001800 1119.993000 0.000000 0.000000 1.000003 1.000000 0.000000 0.000000 0.000000 1.000003 0.000000 32526.dat
1 71 1169.961000 -178.001900 1119.993000 0.000000 0.000000 -1.000003 -1.000000 0.000000 0.000000 0.000000 1.000003 0.000000 32526.dat
1 0 1169.961000 -178.001600 1009.991000 0.000000 0.000000 1.000003 -0.000001 -1.000000 0.000000 1.000003 -0.000001 0.000000 2780.dat
1 0 1169.961000 -218.001700 1009.991000 0.000000 0.000000 1.000003 -0.000001 -1.000000 0.000000 1.000003 -0.000001 0.000000 2780.dat
1 0 1169.961000 -258.001600 1009.991000 0.000000 0.000000 1.000003 -0.000001 -1.000000 0.000000 1.000003 -0.000001 0.000000 2780.dat
1 0 1169.961000 -318.001900 1009.991000 0.000000 0.000000 1.000003 -0.000001 -1.000000 0.000000 1.000003 -0.000001 0.000000 2780.dat
1 0 1169.961000 -358.001800 1009.991000 0.000000 0.000000 1.000003 -0.000001 -1.000000 0.000000 1.000003 -0.000001 0.000000 2780.dat
1 0 1169.961000 -398.001800 1009.991000 0.000000 0.000000 1.000003 -0.000001 -1.000000 0.000000 1.000003 -0.000001 0.000000 2780.dat
1 71 1169.961000 -398.001800 999.991000 0.000000 0.000000 -1.000003 1.000000 0.000002 0.000000 0.000002 -1.000003 0.000000 32526.dat
1 71 1089.958000 -318.001900 999.990800 0.000000 0.000000 1.000003 -1.000000 0.000002 0.000000 -0.000002 -1.000003 0.000000 32526.dat
1 71 1170.008000 -258.002800 999.984600 0.000000 0.000000 -1.000003 1.000000 0.000002 0.000000 0.000002 -1.000003 0.000000 32526.dat
1 71 1090.005000 -178.003000 999.984300 0.000000 0.000000 1.000003 -1.000000 0.000002 0.000000 -0.000002 -1.000003 0.000000 32526.dat
1 71 1149.947000 -338.001600 339.994800 0.000000 -0.999994 0.000000 0.000000 0.000000 1.000000 -0.999994 0.000000 0.000000 41239.dat
1 71 1149.948000 -338.001600 259.994200 0.000000 -0.999994 0.000000 0.000000 0.000000 1.000000 -0.999994 0.000000 0.000000 41239.dat
1 71 1169.949000 -498.001900 299.989500 0.000000 0.999994 0.000000 0.000000 0.000000 -1.000000 -0.999994 0.000000 0.000000 64179.dat
1 0 1159.945000 -438.001600 339.994900 -0.999995 -0.000001 0.000001 0.000001 0.000000 1.000001 0.000000 0.999994 0.000000 2780.dat
1 0 1159.946000 -438.001500 259.993800 -0.999995 -0.000001 0.000001 0.000001 0.000000 1.000001 0.000000 0.999994 0.000000 2780.dat
1 71 1169.958000 -358.001900 299.990000 0.000000 0.999994 0.000000 0.000000 0.000000 -1.000000 -0.999994 0.000000 0.000000 64179.dat
1 0 1159.947000 -418.001600 259.993700 -1.000002 0.000000 0.000001 0.000001 0.000000 1.000008 0.000000 0.999994 0.000000 2780.dat
1 0 1159.947000 -418.001900 339.993400 -1.000002 0.000000 0.000001 0.000001 0.000000 1.000008 0.000000 0.999994 0.000000 2780.dat
1 0 1169.949000 -428.001800 279.990100 -0.000001 1.000002 0.000000 -1.000008 -0.000001 0.000000 0.000000 0.000000 0.999994 2780.dat
1 0 1169.948000 -428.001900 319.992600 -0.000001 1.000002 0.000000 -1.000008 -0.000001 0.000000 0.000000 0.000000 0.999994 2780.dat
1 0 1159.947000 -378.001500 339.993400 1.000002 0.000000 0.000000 0.000000 0.000000 1.000008 0.000000 -0.999994 0.000000 2780.dat
1 0 1159.947000 -378.001800 259.993800 -1.000002 0.000000 0.000001 0.000001 0.000000 1.000008 0.000000 0.999994 0.000000 2780.dat
1 0 1159.947000 -338.001000 339.993400 -1.000001 0.000000 0.000001 0.000001 0.000000 1.000007 0.000000 0.999994 0.000000 2780.dat
1 0 1159.948000 -338.001000 259.993700 -1.000001 0.000000 0.000001 0.000001 0.000000 1.000007 0.000000 0.999994 0.000000 2780.dat
1 71 1149.957000 -138.001800 339.993000 0.000000 -0.999994 0.000000 0.000000 0.000000 -1.000000 0.999994 0.000000 0.000000 32524.dat
1 0 1159.947000 -298.001600 339.993400 -0.999998 -0.000001 0.000001 0.000001 0.000000 1.000004 0.000000 0.999994 0.000000 2780.dat
1 0 1159.948000 -298.001600 259.993200 -0.999998 -0.000001 0.000001 0.000001 0.000000 1.000004 0.000000 0.999994 0.000000 2780.dat
1 71 1149.957000 -138.001800 259.992800 0.000000 -0.999994 0.000000 0.000000 0.000000 -1.000000 0.999994 0.000000 0.000000 32524.dat
1 71 1169.960000 -218.001800 299.990000 0.000000 0.999994 0.000000 0.000000 0.000000 -1.000000 -0.999994 0.000000 0.000000 64179.dat
1 0 1159.957000 -278.001900 259.992700 -0.999996 0.000000 0.000001 0.000001 0.000000 1.000002 0.000000 0.999994 0.000000 2780.dat
1 0 1159.957000 -278.001800 339.993400 -0.999996 0.000000 0.000001 0.000001 0.000000 1.000002 0.000000 0.999994 0.000000 2780.dat
1 0 1169.959000 -288.002000 279.990100 -0.000001 0.999996 0.000000 -1.000002 -0.000001 0.000000 0.000000 0.000000 0.999994 2780.dat
1 0 1169.958000 -288.002000 319.992100 -0.000001 0.999996 0.000000 -1.000002 -0.000001 0.000000 0.000000 0.000000 0.999994 2780.dat
1 0 1159.957000 -238.001800 339.993400 0.999996 0.000000 0.000000 0.000000 0.000000 1.000002 0.000000 -0.999994 0.000000 2780.dat
1 0 1159.957000 -238.001900 259.992800 -0.999996 0.000000 0.000001 0.000001 0.000000 1.000002 0.000000 0.999994 0.000000 2780.dat
1 0 1159.957000 -198.001900 339.993500 -0.999995 0.000000 0.000001 0.000001 0.000000 1.000001 0.000000 0.999994 0.000000 2780.dat
1 0 1159.955000 -158.001800 339.993400 0.999995 0.000000 0.000000 0.000000 0.000000 1.000001 0.000000 -0.999994 0.000000 2780.dat
1 0 1159.957000 -198.001800 259.992800 -0.999995 0.000000 0.000001 0.000001 0.000000 1.000001 0.000000 0.999994 0.000000 2780.dat
1 0 1159.957000 -158.001800 259.992700 0.999995 0.000000 0.000000 0.000000 0.000000 1.000001 0.000000 -0.999994 0.000000 2780.dat
1 71 1149.959000 -28.001970 299.990000 0.000000 0.000000 -0.999994 0.000000 1.000000 0.000000 0.999994 0.000000 0.000000 3894.dat
1 71 1169.960000 -78.001970 299.990000 0.000000 0.999994 0.000000 0.000000 0.000000 -1.000000 -0.999994 0.000000 0.000000 64179.dat
1 0 1159.957000 -138.002000 259.992800 -0.999994 0.000000 0.000000 0.000000 0.000000 1.000000 0.000000 0.999994 0.000000 2780.dat
1 0 1159.957000 -138.002000 339.993000 -0.999994 0.000000 0.000000 0.000000 0.000000 1.000000 0.000000 0.999994 0.000000 2780.dat
1 0 1169.961000 -148.002100 279.990200 0.000000 0.999994 0.000000 -1.000000 0.000000 0.000000 0.000000 0.000000 0.999994 2780.dat
1 0 1169.960000 -148.002000 319.992000 0.000000 0.999994 0.000000 -1.000000 0.000000 0.000000 0.000000 0.000000 0.999994 2780.dat
1 0 1159.957000 -98.001960 339.992900 0.999994 0.000000 0.000000 0.000000 0.000000 1.000000 0.000000 -0.999994 0.000000 2780.dat
1 0 1159.957000 -98.002090 259.992800 -0.999994 0.000000 0.000000 0.000000 0.000000 1.000000 0.000000 0.999994 0.000000 2780.dat
1 71 1189.956000 -28.001720 299.990600 0.000000 0.000000 -0.999994 0.000000 1.000000 0.000000 0.999994 0.000000 0.000000 3894.dat
1 0 1169.960000 -178.001800 349.990900 0.000000 0.000000 -0.999986 0.000001 -1.000000 0.000000 -0.999986 -0.000001 0.000000 2780.dat
1 0 1169.960000 -218.002000 349.990900 0.000000 0.000000 -0.999986 0.000001 -1.000000 0.000000 -0.999986 -0.000001 0.000000 2780.dat
1 0 1169.960000 -258.001700 349.990800 0.000000 0.000000 -0.999986 0.000001 -1.000000 0.000000 -0.999986 -0.000001 0.000000 2780.dat
1 0 1169.958000 -318.002000 349.991400 0.000000 0.000000 -0.999986 0.000001 -1.000000 0.000000 -0.999986 -0.000001 0.000000 2780.dat
1 0 1169.958000 -358.001900 349.991500 0.000000 0.000000 -0.999986 0.000001 -1.000000 0.000000 -0.999986 -0.000001 0.000000 2780.dat
1 0 1169.958000 -398.002000 349.990900 0.000000 0.000000 -0.999986 0.000001 -1.000000 0.000000 -0.999986 -0.000001 0.000000 2780.dat
1 71 1090.002000 -398.000800 359.983800 0.000000 0.000000 0.999986 1.000000 0.000000 0.000000 0.000000 0.999987 0.000000 32526.dat
1 71 1170.003000 -318.000800 359.984000 0.000000 0.000000 -0.999986 -1.000000 0.000000 0.000000 0.000000 0.999987 0.000000 32526.dat
1 71 1089.955000 -258.001700 359.990000 0.000000 0.000000 0.999986 1.000000 0.000000 0.000000 0.000000 0.999987 0.000000 32526.dat
1 71 1169.960000 -178.001800 359.990900 0.000000 0.000000 -0.999986 -1.000000 0.000000 0.000000 0.000000 0.999987 0.000000 32526.dat
1 0 1169.959000 -178.001600 249.989500 0.000000 0.000000 0.999986 -0.000001 -1.000000 0.000000 0.999986 -0.000001 0.000000 2780.dat
1 0 1169.959000 -218.001700 249.989500 0.000000 0.000000 0.999986 -0.000001 -1.000000 0.000000 0.999986 -0.000001 0.000000 2780.dat
1 0 1169.959000 -258.001500 249.989500 0.000000 0.000000 0.999986 -0.000001 -1.000000 0.000000 0.999986 -0.000001 0.000000 2780.dat
1 0 1169.961000 -318.001900 249.990100 0.000000 0.000000 0.999986 -0.000001 -1.000000 0.000000 0.999986 -0.000001 0.000000 2780.dat
1 0 1169.959000 -358.001800 249.989500 0.000000 0.000000 0.999986 -0.000001 -1.000000 0.000000 0.999986 -0.000001 0.000000 2780.dat
1 0 1169.961000 -398.001800 249.989500 0.000000 0.000000 0.999986 -0.000001 -1.000000 0.000000 0.999986 -0.000001 0.000000 2780.dat
1 71 1169.961000 -398.001700 239.989500 0.000000 0.000000 -0.999986 1.000000 0.000002 0.000000 0.000002 -0.999987 0.000000 32526.dat
1 71 1089.959000 -318.001900 239.990500 0.000000 0.000000 0.999986 -1.000000 0.000002 0.000000 -0.000002 -0.999987 0.000000 32526.dat
1 71 1170.006000 -258.002700 239.983600 0.000000 0.000000 -0.999986 1.000000 0.000002 0.000000 0.000002 -0.999987 0.000000 32526.dat
1 71 1090.006000 -178.002900 239.984200 0.000000 0.000000 0.999986 -1.000000 0.000002 0.000000 -0.000002 -0.999987 0.000000 32526.dat
1 71 1149.943000 -338.001300 -419.996800 0.000000 -1.000003 0.000000 0.000000 0.000000 1.000000 -1.000003 0.000000 0.000000 41239.dat
1 71 1149.943000 -338.001300 -500.005300 0.000000 -1.000003 0.000000 0.000000 0.000000 1.000000 -1.000003 0.000000 0.000000 41239.dat
1 71 1169.944000 -498.001800 -460.005600 0.000000 1.000003 0.000000 0.000000 0.000000 -1.000000 -1.000003 0.000000 0.000000 64179.dat
1 0 1159.943000 -438.001500 -419.997700 -1.000004 -0.000001 0.000001 0.000001 0.000000 1.000001 0.000000 1.000003 0.000000 2780.dat
1 0 1159.943000 -438.001500 -500.005700 -1.000004 -0.000001 0.000001 0.000001 0.000000 1.000001 0.000000 1.000003 0.000000 2780.dat
1 71 1169.954000 -358.001700 -460.006100 0.000000 1.000003 0.000000 0.000000 0.000000 -1.000000 -1.000003 0.000000 0.000000 64179.dat
1 0 1159.944000 -418.001500 -500.006200 -1.000011 0.000000 0.000001 0.000001 0.000000 1.000008 0.000000 1.000003 0.000000 2780.dat
1 0 1159.943000 -418.001600 -419.998700 -1.000011 0.000000 0.000001 0.000001 0.000000 1.000008 0.000000 1.000003 0.000000 2780.dat
1 0 1169.945000 -428.001900 -480.005500 -0.000001 1.000011 0.000000 -1.000008 -0.000001 0.000000 0.000000 0.000000 1.000003 2780.dat
1 0 1169.944000 -428.001700 -440.002100 -0.000001 1.000011 0.000000 -1.000008 -0.000001 0.000000 0.000000 0.000000 1.000003 2780.dat
1 0 1159.943000 -378.001300 -419.998600 1.000011 0.000000 0.000000 0.000000 0.000000 1.000008 0.000000 -1.000003 0.000000 2780.dat
1 0 1159.944000 -378.001600 -500.006300 -1.000011 0.000000 0.000001 0.000001 0.000000 1.000008 0.000000 1.000003 0.000000 2780.dat
1 0 1159.944000 -338.000800 -419.998700 -1.000010 0.000000 0.000001 0.000001 0.000000 1.000007 0.000000 1.000003 0.000000 2780.dat
1 0 1159.944000 -338.000700 -500.006300 -1.000010 0.000000 0.000001 0.000001 0.000000 1.000007 0.000000 1.000003 0.000000 2780.dat
1 71 1149.954000 -138.001600 -419.999100 0.000000 -1.000003 0.000000 0.000000 0.000000 -1.000000 1.000003 0.000000 0.000000 32524.dat
1 0 1159.944000 -298.001400 -419.999300 -1.000007 -0.000001 0.000001 0.000001 0.000000 1.000004 0.000000 1.000003 0.000000 2780.dat
1 0 1159.944000 -298.001400 -500.006200 -1.000007 -0.000001 0.000001 0.000001 0.000000 1.000004 0.000000 1.000003 0.000000 2780.dat
1 71 1149.953000 -138.001600 -500.006900 0.000000 -1.000003 0.000000 0.000000 0.000000 -1.000000 1.000003 0.000000 0.000000 32524.dat
1 71 1169.955000 -218.001700 -460.006300 0.000000 1.000003 0.000000 0.000000 0.000000 -1.000000 -1.000003 0.000000 0.000000 64179.dat
1 0 1159.954000 -278.001700 -500.006300 -1.000005 0.000000 0.000001 0.000001 0.000000 1.000002 0.000000 1.000003 0.000000 2780.dat
1 0 1159.953000 -278.001700 -419.999300 -1.000005 0.000000 0.000001 0.000001 0.000000 1.000002 0.000000 1.000003 0.000000 2780.dat
1 0 1169.954000 -288.001900 -480.005900 -0.000001 1.000005 0.000000 -1.000002 -0.000001 0.000000 0.000000 0.000000 1.000003 2780.dat
1 0 1169.954000 -288.001800 -440.002700 -0.000001 1.000005 0.000000 -1.000002 -0.000001 0.000000 0.000000 0.000000 1.000003 2780.dat
1 0 1159.953000 -238.001600 -419.999100 1.000005 0.000000 0.000000 0.000000 0.000000 1.000002 0.000000 -1.000003 0.000000 2780.dat
1 0 1159.954000 -238.001800 -500.006500 -1.000005 0.000000 0.000001 0.000001 0.000000 1.000002 0.000000 1.000003 0.000000 2780.dat
1 0 1159.953000 -198.001700 -419.999100 -1.000004 0.000000 0.000001 0.000001 0.000000 1.000001 0.000000 1.000003 0.000000 2780.dat
1 0 1159.953000 -158.001600 -419.999200 1.000004 0.000000 0.000000 0.000000 0.000000 1.000001 0.000000 -1.000003 0.000000 2780.dat
1 0 1159.954000 -198.001700 -500.006600 -1.000004 0.000000 0.000001 0.000001 0.000000 1.000001 0.000000 1.000003 0.000000 2780.dat
1 0 1159.954000 -158.001600 -500.006600 1.000004 0.000000 0.000000 0.000000 0.000000 1.000001 0.000000 -1.000003 0.000000 2780.dat
1 71 1149.954000 -28.001740 -460.006000 0.000000 0.000000 -1.000003 0.000000 1.000000 0.000000 1.000003 0.000000 0.000000 3894.dat
1 71 1169.955000 -78.001720 -460.006300 0.000000 1.000003 0.000000 0.000000 0.000000 -1.000000 -1.000003 0.000000 0.000000 64179.dat
1 0 1159.954000 -138.001700 -500.006400 -1.000003 0.000000 0.000000 0.000000 0.000000 1.000000 0.000000 1.000003 0.000000 2780.dat
1 0 1159.954000 -138.001700 -419.999100 -1.000003 0.000000 0.000000 0.000000 0.000000 1.000000 0.000000 1.000003 0.000000 2780.dat
1 0 1169.955000 -148.001800 -480.005600 0.000000 1.000003 0.000000 -1.000000 0.000000 0.000000 0.000000 0.000000 1.000003 2780.dat
1 0 1169.955000 -148.001700 -440.002800 0.000000 1.000003 0.000000 -1.000000 0.000000 0.000000 0.000000 0.000000 1.000003 2780.dat
1 0 1159.954000 -98.001720 -419.999200 1.000003 0.000000 0.000000 0.000000 0.000000 1.000000 0.000000 -1.000003 0.000000 2780.dat
1 0 1159.954000 -98.001840 -500.006300 -1.000003 0.000000 0.000000 0.000000 0.000000 1.000000 0.000000 1.000003 0.000000 2780.dat
1 71 1189.956000 -28.001620 -460.006000 0.000000 0.000000 -1.000003 0.000000 1.000000 0.000000 1.000003 0.000000 0.000000 3894.dat
1 1 1169.955000 -18.001640 -419.999200 -1.000003 0.000000 0.000000 0.000000 1.000000 0.000000 0.000000 0.000000 -1.000003 6558.dat
1 1 1169.955000 -18.001640 -500.006200 -1.000003 0.000000 0.000000 0.000000 1.000000 0.000000 0.000000 0.000000 -1.000003 6558.dat
1 71 1089.954000 -178.001600 -400.000500 0.000000 0.000001 0.999996 -1.000000 0.000000 0.000000 0.000000 -0.999996 0.000000 32526.dat
1 71 1169.999000 -258.000200 -400.007200 0.000000 0.000000 -0.999996 1.000000 0.000000 0.000000 0.000000 -0.999996 0.000000 32526.dat
1 0 1169.955000 -178.001600 -409.999600 0.000000 0.000000 -0.999996 0.000001 -1.000000 0.000000 -0.999996 -0.000001 0.000000 2780.dat
1 0 1169.955000 -218.001700 -409.999800 0.000000 0.000000 -0.999996 0.000001 -1.000000 0.000000 -0.999996 -0.000001 0.000000 2780.dat
1 0 1169.955000 -258.001600 -409.999900 0.000000 0.000000 -0.999996 0.000001 -1.000000 0.000000 -0.999996 -0.000001 0.000000 2780.dat
1 71 1089.959000 -318.001700 -400.005300 0.000000 0.000001 0.999996 -1.000000 0.000000 0.000000 0.000000 -0.999996 0.000000 32526.dat
1 71 1169.998000 -398.000300 -400.006500 0.000000 0.000000 -1.000009 1.000000 0.000000 0.000000 0.000000 -1.000009 0.000000 32526.dat
1 0 1169.954000 -318.001700 -409.999800 0.000000 0.000000 -1.000009 0.000001 -1.000000 0.000000 -1.000009 -0.000001 0.000000 2780.dat
1 0 1169.954000 -358.001600 -409.999800 0.000000 0.000000 -1.000009 0.000001 -1.000000 0.000000 -1.000009 -0.000001 0.000000 2780.dat
1 0 1169.954000 -398.001700 -409.999700 0.000000 0.000000 -1.000009 0.000001 -1.000000 0.000000 -1.000009 -0.000001 0.000000 2780.dat
1 71 1169.999000 -178.000100 -520.013700 0.000000 -0.000001 -0.999995 -1.000000 0.000000 0.000000 0.000000 0.999996 -0.000001 32526.dat
1 71 1089.954000 -257.998900 -520.007500 0.000000 0.000000 0.999996 1.000000 0.000000 0.000000 0.000000 0.999996 0.000000 32526.dat
1 0 1169.955000 -177.998700 -510.006600 0.000000 0.000000 0.999996 0.000001 -1.000000 0.000000 0.999996 0.000001 0.000000 2780.dat
1 0 1169.955000 -257.998900 -510.006000 0.000000 0.000000 0.999996 0.000001 -1.000000 0.000000 0.999996 0.000001 0.000000 2780.dat
1 0 1169.955000 -217.998500 -510.006600 0.000000 0.000000 0.999996 0.000001 -1.000000 0.000000 0.999996 0.000001 0.000000 2780.dat
1 71 1170.000000 -318.000000 -520.015400 0.000000 -0.000001 -0.999995 -1.000000 0.000000 0.000000 0.000000 0.999995 -0.000001 32526.dat
1 71 1089.953000 -397.999000 -520.007300 0.000000 -0.000001 1.000000 1.000000 0.000000 0.000000 0.000000 1.000000 0.000000 32526.dat
1 0 1169.954000 -317.998800 -510.006100 -0.000001 0.000000 1.000000 0.000001 -1.000000 0.000000 1.000000 0.000001 0.000000 2780.dat
1 0 1169.954000 -397.999000 -510.006100 -0.000001 0.000000 1.000000 0.000001 -1.000000 0.000000 1.000000 0.000001 0.000000 2780.dat
1 0 1169.954000 -357.998500 -510.006000 -0.000001 0.000000 1.000000 0.000001 -1.000000 0.000000 1.000000 0.000001 0.000000 2780.dat
1 71 1129.986000 -518.000900 239.988600 0.000000 0.000001 1.000003 -1.000000 0.000000 0.000000 0.000000 -1.000003 0.000000 14720.dat
1 0 1169.990000 -538.000300 249.988600 0.000001 -1.000003 0.000000 0.000000 0.000000 1.000000 -1.000003 0.000000 0.000000 2780.dat
1 0 1169.990000 -498.000500 249.988600 0.000001 -1.000003 0.000000 0.000000 0.000000 1.000000 -1.000003 0.000000 0.000000 2780.dat
1 71 1129.986000 -518.000700 -520.010400 0.000000 0.000001 1.000003 -1.000000 0.000000 0.000000 0.000000 -1.000003 0.000000 14720.dat
1 0 1169.989000 -538.000100 -510.010500 0.000001 -1.000003 0.000000 0.000000 0.000000 1.000000 -1.000003 0.000000 0.000000 2780.dat
1 0 1169.989000 -498.000200 -510.010500 0.000001 -1.000003 0.000000 0.000000 0.000000 1.000000 -1.000003 0.000000 0.000000 2780.dat
1 71 1129.942000 -517.998500 -400.005200 0.000000 0.000000 1.000003 1.000000 0.000000 0.000000 0.000000 1.000003 0.000000 14720.dat
1 0 1169.944000 -498.000900 -410.005600 0.000000 -1.000003 0.000000 0.000000 0.000000 -1.000000 1.000003 0.000000 0.000000 2780.dat
1 0 1169.944000 -538.001900 -410.005600 0.000000 -1.000003 0.000000 0.000000 0.000000 -1.000000 1.000003 0.000000 0.000000 2780.dat
1 71 1129.946000 -517.998000 359.989800 0.000000 0.000000 1.000003 1.000000 0.000000 0.000000 0.000000 1.000003 0.000000 14720.dat
1 0 1169.948000 -498.001000 349.989400 0.000000 -1.000003 0.000000 0.000000 0.000000 -1.000000 1.000003 0.000000 0.000000 2780.dat
1 0 1169.948000 -538.002000 349.989400 0.000000 -1.000003 0.000000 0.000000 0.000000 -1.000000 1.000003 0.000000 0.000000 2780.dat
1 0 1090.003000 -178.000500 1109.986000 0.000000 0.000000 -1.000003 0.000001 -1.000000 0.000000 -1.000003 -0.000001 0.000000 2780.dat
1 0 1090.003000 -218.000600 1109.986000 0.000000 0.000000 -1.000003 0.000001 -1.000000 0.000000 -1.000003 -0.000001 0.000000 2780.dat
1 0 1090.003000 -258.000500 1109.986000 0.000000 0.000000 -1.000003 0.000001 -1.000000 0.000000 -1.000003 -0.000001 0.000000 2780.dat
1 0 1090.003000 -318.000800 1109.986000 0.000000 0.000000 -1.000003 0.000001 -1.000000 0.000000 -1.000003 -0.000001 0.000000 2780.dat
1 0 1090.003000 -358.000700 1109.986000 0.000000 0.000000 -1.000003 0.000001 -1.000000 0.000000 -1.000003 -0.000001 0.000000 2780.dat
1 0 1090.003000 -398.000800 1109.986000 0.000000 0.000000 -1.000003 0.000001 -1.000000 0.000000 -1.000003 -0.000001 0.000000 2780.dat
1 0 1089.999000 -178.000300 1870.003000 0.000000 0.000000 -1.000003 0.000001 -1.000000 0.000000 -1.000003 -0.000001 0.000000 2780.dat
1 0 1089.998000 -318.000400 1870.003000 0.000000 0.000000 -1.000017 0.000001 -1.000000 0.000000 -1.000017 -0.000001 0.000000 2780.dat
1 0 1089.998000 -398.000400 1870.003000 0.000000 0.000000 -1.000017 0.000001 -1.000000 0.000000 -1.000017 -0.000001 0.000000 2780.dat
1 0 1089.998000 -358.000300 1870.003000 0.000000 0.000000 -1.000017 0.000001 -1.000000 0.000000 -1.000017 -0.000001 0.000000 2780.dat
1 0 1089.999000 -178.000300 -410.007100 0.000000 0.000000 -0.999996 0.000001 -1.000000 0.000000 -0.999996 -0.000001 0.000000 2780.dat
1 0 1089.999000 -258.000200 -410.007300 0.000000 0.000000 -0.999996 0.000001 -1.000000 0.000000 -0.999996 -0.000001 0.000000 2780.dat
1 0 1089.999000 -218.000400 -410.007300 0.000000 0.000000 -0.999996 0.000001 -1.000000 0.000000 -0.999996 -0.000001 0.000000 2780.dat
1 0 1089.998000 -318.000400 -410.007200 0.000000 0.000000 -1.000009 0.000001 -1.000000 0.000000 -1.000009 -0.000001 0.000000 2780.dat
1 0 1089.998000 -398.000300 -410.007300 0.000000 0.000000 -1.000009 0.000001 -1.000000 0.000000 -1.000009 -0.000001 0.000000 2780.dat
1 0 1089.998000 -358.000300 -410.007300 0.000000 0.000000 -1.000009 0.000001 -1.000000 0.000000 -1.000009 -0.000001 0.000000 2780.dat
1 0 1090.002000 -178.000500 349.983900 0.000000 0.000000 -0.999986 0.000001 -1.000000 0.000000 -0.999986 -0.000001 0.000000 2780.dat
1 0 1090.002000 -218.000600 349.983800 0.000000 0.000000 -0.999986 0.000001 -1.000000 0.000000 -0.999986 -0.000001 0.000000 2780.dat
1 0 1090.002000 -258.000400 349.983800 0.000000 0.000000 -0.999986 0.000001 -1.000000 0.000000 -0.999986 -0.000001 0.000000 2780.dat
1 0 1090.002000 -318.000600 349.983800 0.000000 0.000000 -0.999986 0.000001 -1.000000 0.000000 -0.999986 -0.000001 0.000000 2780.dat
1 0 1090.002000 -358.000500 349.983900 0.000000 0.000000 -0.999986 0.000001 -1.000000 0.000000 -0.999986 -0.000001 0.000000 2780.dat
1 0 1090.002000 -398.000800 349.983900 0.000000 0.000000 -0.999986 0.000001 -1.000000 0.000000 -0.999986 -0.000001 0.000000 2780.dat
1 0 1089.998000 -178.000100 -510.013300 0.000000 0.000000 0.999996 0.000001 -1.000000 0.000000 0.999996 0.000001 0.000000 2780.dat
1 0 1089.998000 -218.000000 -510.013500 0.000000 0.000000 0.999996 0.000001 -1.000000 0.000000 0.999996 0.000001 0.000000 2780.dat
1 0 1089.998000 -258.000200 -510.013300 0.000000 0.000000 0.999996 0.000001 -1.000000 0.000000 0.999996 0.000001 0.000000 2780.dat
1 0 1089.998000 -318.000200 -510.013300 -0.000001 0.000000 1.000000 0.000001 -1.000000 0.000000 1.000000 0.000001 0.000000 2780.dat
1 0 1089.998000 -357.999900 -510.013200 -0.000001 0.000000 1.000000 0.000001 -1.000000 0.000000 1.000000 0.000001 0.000000 2780.dat
1 0 1089.998000 -398.000300 -510.013200 -0.000001 0.000000 1.000000 0.000001 -1.000000 0.000000 1.000000 0.000001 0.000000 2780.dat
1 0 1090.002000 -178.003000 1009.984000 0.000000 0.000000 1.000000 -0.000001 -1.000000 0.000000 1.000000 -0.000001 0.000000 2780.dat
1 0 1090.002000 -218.003100 1009.984000 0.000000 0.000000 1.000003 -0.000001 -1.000000 0.000000 1.000003 -0.000001 0.000000 2780.dat
1 0 1090.002000 -258.002800 1009.984000 0.000000 0.000000 1.000003 -0.000001 -1.000000 0.000000 1.000003 -0.000001 0.000000 2780.dat
1 0 1090.003000 -318.003100 1009.984000 0.000000 0.000000 1.000003 -0.000001 -1.000000 0.000000 1.000003 -0.000001 0.000000 2780.dat
1 0 1090.003000 -358.003000 1009.984000 0.000000 0.000000 1.000003 -0.000001 -1.000000 0.000000 1.000003 -0.000001 0.000000 2780.dat
1 0 1090.003000 -398.003000 1009.984000 0.000000 0.000000 1.000003 -0.000001 -1.000000 0.000000 1.000003 -0.000001 0.000000 2780.dat
1 0 1089.998000 -178.000100 1770.000000 0.000000 0.000000 1.000003 0.000001 -1.000000 0.000000 1.000003 0.000001 0.000000 2780.dat
1 0 1089.998000 -218.000000 1770.000000 0.000000 0.000000 1.000003 0.000001 -1.000000 0.000000 1.000003 0.000001 0.000000 2780.dat
1 0 1089.998000 -258.000200 1770.000000 0.000000 0.000000 1.000003 0.000001 -1.000000 0.000000 1.000003 0.000001 0.000000 2780.dat
1 0 1089.998000 -318.000300 1770.000000 -0.000001 0.000000 1.000008 0.000001 -1.000000 0.000000 1.000008 0.000001 0.000000 2780.dat
1 0 1089.997000 -357.999900 1770.000000 -0.000001 0.000000 1.000008 0.000001 -1.000000 0.000000 1.000008 0.000001 0.000000 2780.dat
1 0 1089.997000 -398.000300 1770.000000 -0.000001 0.000000 1.000008 0.000001 -1.000000 0.000000 1.000008 0.000001 0.000000 2780.dat
1 0 1090.002000 -178.003000 249.982100 0.000000 0.000000 0.999983 -0.000001 -1.000000 0.000000 0.999983 -0.000001 0.000000 2780.dat
1 0 1090.002000 -218.003000 249.982600 0.000000 0.000000 0.999986 -0.000001 -1.000000 0.000000 0.999986 -0.000001 0.000000 2780.dat
1 0 1090.002000 -258.002700 249.982600 0.000000 0.000000 0.999986 -0.000001 -1.000000 0.000000 0.999986 -0.000001 0.000000 2780.dat
1 0 1090.002000 -318.003200 249.982600 0.000000 0.000000 0.999986 -0.000001 -1.000000 0.000000 0.999986 -0.000001 0.000000 2780.dat
1 0 1090.002000 -358.003000 249.982600 0.000000 0.000000 0.999986 -0.000001 -1.000000 0.000000 0.999986 -0.000001 0.000000 2780.dat
1 0 1090.002000 -398.003000 249.982100 0.000000 0.000000 0.999986 -0.000001 -1.000000 0.000000 0.999986 -0.000001 0.000000 2780.dat
1 0 1089.988000 -538.000300 249.988500 0.000001 -1.000003 0.000000 0.000000 0.000000 1.000000 -1.000003 0.000000 0.000000 2780.dat
1 0 1089.988000 -498.000700 249.987500 0.000001 -1.000003 0.000000 0.000000 0.000000 1.000000 -1.000003 0.000000 0.000000 2780.dat
1 0 1089.988000 -538.000100 -510.010400 0.000001 -1.000003 0.000000 0.000000 0.000000 1.000000 -1.000003 0.000000 0.000000 2780.dat
1 0 1089.988000 -498.000300 -510.011400 0.000001 -1.000003 0.000000 0.000000 0.000000 1.000000 -1.000003 0.000000 0.000000 2780.dat
1 0 1089.944000 -498.000900 -410.005900 0.000000 -1.000003 0.000000 0.000000 0.000000 -1.000000 1.000003 0.000000 0.000000 2780.dat
1 0 1089.944000 -538.001800 -410.004800 0.000000 -1.000003 0.000000 0.000000 0.000000 -1.000000 1.000003 0.000000 0.000000 2780.dat
1 0 1089.948000 -538.002400 1009.989000 0.000001 -1.000011 0.000000 0.000000 0.000000 1.000000 -1.000011 0.000000 0.000000 2780.dat
1 0 1089.948000 -498.002900 1009.988000 0.000001 -1.000011 0.000000 0.000000 0.000000 1.000000 -1.000011 0.000000 0.000000 2780.dat
1 0 1089.992000 -538.002400 1109.985000 -0.000001 1.000011 0.000000 0.000000 0.000000 1.000000 1.000011 0.000000 0.000000 2780.dat
1 0 1089.992000 -498.002600 1109.985000 -0.000001 1.000011 0.000000 0.000000 0.000000 1.000000 1.000011 0.000000 0.000000 2780.dat
1 0 1089.947000 -498.001200 349.989200 0.000000 -1.000003 0.000000 0.000000 0.000000 -1.000000 1.000003 0.000000 0.000000 2780.dat
1 0 1089.948000 -538.001900 349.990200 0.000000 -1.000003 0.000000 0.000000 0.000000 -1.000000 1.000003 0.000000 0.000000 2780.dat
1 0 1089.943000 -538.001900 1770.006000 0.000001 -1.000011 0.000000 0.000000 0.000000 1.000000 -1.000011 0.000000 0.000000 2780.dat
1 0 1089.943000 -498.002100 1770.005000 0.000001 -1.000011 0.000000 0.000000 0.000000 1.000000 -1.000011 0.000000 0.000000 2780.dat
1 0 1089.988000 -538.001800 1870.004000 -0.000001 1.000011 0.000000 0.000000 0.000000 1.000000 1.000011 0.000000 0.000000 2780.dat
1 0 1089.988000 -498.001900 1870.004000 -0.000001 1.000011 0.000000 0.000000 0.000000 1.000000 1.000011 0.000000 0.000000 2780.dat
1 1 1169.961000 -18.002000 259.990300 -1.000003 0.000000 0.000000 0.000000 1.000000 0.000000 0.000000 0.000000 -1.000003 6558.dat
1 1 1169.960000 -18.001940 339.989400 -1.000003 0.000000 0.000000 0.000000 1.000000 0.000000 0.000000 0.000000 -1.000003 6558.dat
1 0 1089.999000 -258.000200 1870.003000 0.000000 0.000000 -1.000003 0.000001 -1.000000 0.000000 -1.000003 -0.000001 0.000000 2780.dat
1 0 1089.999000 -218.000400 1870.003000 0.000000 0.000000 -1.000003 0.000001 -1.000000 0.000000 -1.000003 -0.000001 0.000000 2780.dat
1 71 1149.954000 -138.001700 1780.008000 -0.000001 -1.000011 0.000000 0.000000 0.000000 -1.000000 1.000011 0.000000 0.000000 32524.dat
1 0 1059.978000 -605.999600 2260.001000 -1.000000 0.000000 0.000000 0.000000 1.000000 0.000000 0.000000 0.000000 -1.000000 2780.dat
1 0 1059.978000 -605.999600 2220.001000 -1.000000 0.000000 0.000000 0.000000 1.000000 0.000000 0.000000 0.000000 -1.000000 2780.dat
1 71 1069.978000 -591.999600 2240.001000 0.000000 0.000000 1.000000 0.000000 1.000000 0.000000 -1.000000 0.000000 0.000000 3701.dat
1 71 1069.978000 -615.999600 2240.001000 0.000000 0.000000 1.000000 0.000000 1.000000 0.000000 -1.000000 0.000000 0.000000 3701.dat
1 72 1059.978000 -623.999600 2260.001000 0.000000 0.000000 -1.000000 0.000000 1.000000 0.000000 1.000000 0.000000 0.000000 87079.dat
1 71 1049.978000 -605.999600 2160.001000 0.000000 -1.000000 0.000000 -1.000000 0.000000 0.000000 0.000000 0.000000 -1.000000 32009.dat
1 71 1079.979000 -575.999600 1150.001000 0.000000 0.000000 -1.000000 0.000000 1.000000 0.000000 1.000000 0.000000 0.000000 26603.dat
1 72 1079.979000 -575.999600 1080.001000 0.000000 0.000000 -1.000000 0.000000 1.000000 0.000000 1.000000 0.000000 0.000000 87079.dat
1 71 1079.979000 -575.999600 1290.001000 0.000000 0.000000 -1.000000 0.000000 1.000000 0.000000 1.000000 0.000000 0.000000 26603.dat
1 72 1079.985000 -575.999600 1220.006000 0.000000 0.000000 -1.000007 0.000000 1.000000 0.000000 1.000007 0.000000 0.000000 87079.dat
1 71 1079.981000 -575.999600 1430.004000 0.000000 0.000000 -1.000000 0.000000 1.000000 0.000000 1.000000 0.000000 0.000000 26603.dat
1 72 1079.979000 -575.999600 1360.000000 0.000000 0.000000 -1.000000 0.000000 1.000000 0.000000 1.000000 0.000000 0.000000 87079.dat
1 71 1079.979000 -575.999600 1570.000000 0.000000 0.000000 -1.000000 0.000000 1.000000 0.000000 1.000000 0.000000 0.000000 26603.dat
1 72 1079.985000 -575.999600 1500.006000 0.000000 0.000000 -1.000007 0.000000 1.000000 0.000000 1.000007 0.000000 0.000000 87079.dat
1 71 1079.974000 -575.999600 1709.999000 0.000000 0.000000 -0.999993 0.000000 1.000000 0.000000 0.999993 0.000000 0.000000 26603.dat
1 72 1079.974000 -575.999600 1639.997000 0.000000 0.000000 -0.999993 0.000000 1.000000 0.000000 0.999993 0.000000 0.000000 87079.dat
1 71 1079.974000 -575.999600 1849.995000 0.000000 0.000000 -0.999993 0.000000 1.000000 0.000000 0.999993 0.000000 0.000000 26603.dat
1 72 1079.980000 -575.999600 1780.001000 0.000000 0.000000 -1.000000 0.000000 1.000000 0.000000 1.000000 0.000000 0.000000 87079.dat
1 71 1079.979000 -575.999600 1990.005000 0.000000 0.000000 -1.000000 0.000000 1.000000 0.000000 1.000000 0.000000 0.000000 26603.dat
1 72 1079.979000 -575.999600 1920.003000 0.000000 0.000000 -1.000000 0.000000 1.000000 0.000000 1.000000 0.000000 0.000000 87079.dat
1 71 1079.978000 -575.999600 2110.002000 0.000000 0.000000 -1.000000 0.000000 1.000000 0.000000 1.000000 0.000000 0.000000 26603.dat
1 72 1079.979000 -575.999600 2050.003000 0.000000 0.000000 -1.000000 0.000000 1.000000 0.000000 1.000000 0.000000 0.000000 26603.dat
1 72 1079.979000 -575.999600 2170.002000 0.000000 0.000000 -1.000000 0.000000 1.000000 0.000000 1.000000 0.000000 0.000000 26603.dat
1 71 1079.982000 -575.999600 870.002100 0.000000 0.000000 -1.000000 0.000000 1.000000 0.000000 1.000000 0.000000 0.000000 26603.dat
1 72 1079.979000 -575.999600 800.001300 0.000000 0.000000 -1.000000 0.000000 1.000000 0.000000 1.000000 0.000000 0.000000 87079.dat
1 71 1079.979000 -575.999600 1010.001000 0.000000 0.000000 -1.000000 0.000000 1.000000 0.000000 1.000000 0.000000 0.000000 26603.dat
1 72 1079.985000 -575.999600 940.006500 0.000000 0.000000 -1.000007 0.000000 1.000000 0.000000 1.000007 0.000000 0.000000 87079.dat
1 71 1079.973000 -575.999800 589.996500 0.000000 0.000000 -0.999993 0.000000 1.000000 0.000000 0.999993 0.000000 0.000000 26603.dat
1 72 1079.974000 -575.999800 519.997700 0.000000 0.000000 -0.999995 0.000000 1.000000 0.000000 0.999995 0.000000 0.000000 87079.dat
1 71 1079.974000 -575.999800 729.996600 0.000000 0.000000 -0.999995 0.000000 1.000000 0.000000 0.999995 0.000000 0.000000 26603.dat
1 72 1079.980000 -575.999800 660.002300 0.000000 0.000000 -1.000002 0.000000 1.000000 0.000000 1.000002 0.000000 0.000000 87079.dat
1 71 1079.980000 -575.999800 310.003600 0.000000 0.000000 -1.000000 0.000000 1.000000 0.000000 1.000000 0.000000 0.000000 26603.dat
1 72 1079.980000 -575.999800 240.003100 0.000000 0.000000 -1.000002 0.000000 1.000000 0.000000 1.000002 0.000000 0.000000 87079.dat
1 71 1079.979000 -575.999800 450.003400 0.000000 0.000000 -1.000002 0.000000 1.000000 0.000000 1.000002 0.000000 0.000000 26603.dat
1 72 1079.985000 -575.999800 380.008800 0.000000 0.000000 -1.000008 0.000000 1.000000 0.000000 1.000008 0.000000 0.000000 87079.dat
1 71 1079.985000 -576.010300 30.003390 0.000000 0.000000 -0.999993 0.000000 1.000000 0.000000 0.999993 0.000000 0.000000 26603.dat
1 72 1079.984000 -576.010300 -39.995970 0.000000 0.000000 -0.999993 0.000000 1.000000 0.000000 0.999993 0.000000 0.000000 87079.dat
1 71 1079.984000 -576.010300 170.002200 0.000000 0.000000 -0.999993 0.000000 1.000000 0.000000 0.999993 0.000000 0.000000 26603.dat
1 72 1079.990000 -576.010300 100.008200 0.000000 0.000000 -1.000000 0.000000 1.000000 0.000000 1.000000 0.000000 0.000000 87079.dat
1 71 1079.991000 -576.011500 -249.990200 0.000000 0.000000 -1.000000 0.000000 1.000000 0.000000 1.000000 0.000000 0.000000 26603.dat
1 72 1079.992000 -576.011500 -319.990800 0.000000 0.000000 -1.000004 0.000000 1.000000 0.000000 1.000004 0.000000 0.000000 87079.dat
1 71 1079.991000 -576.011500 -109.990600 0.000000 0.000000 -1.000004 0.000000 1.000000 0.000000 1.000004 0.000000 0.000000 26603.dat
1 72 1079.997000 -576.011500 -179.985400 0.000000 0.000000 -1.000011 0.000000 1.000000 0.000000 1.000011 0.000000 0.000000 87079.dat
1 71 1079.991000 -576.011500 -389.987000 0.000000 0.000000 -1.000000 0.000000 1.000000 0.000000 1.000000 0.000000 0.000000 26603.dat
1 72 1079.990000 -576.011500 -459.987300 0.000000 0.000000 -1.000007 0.000000 1.000000 0.000000 1.000007 0.000000 0.000000 87079.dat
1 71 1079.991000 -576.011500 -529.985900 0.000000 0.000000 -1.000000 0.000000 1.000000 0.000000 1.000000 0.000000 0.000000 26603.dat
1 71 1079.999000 -575.987900 -649.982500 0.000000 0.000000 -1.000000 0.000000 1.000000 0.000000 1.000000 0.000000 0.000000 26603.dat
1 71 1079.999000 -575.987900 -769.981300 0.000000 0.000000 -1.000000 0.000000 1.000000 0.000000 1.000000 0.000000 0.000000 26603.dat
1 71 1079.999000 -575.987900 -889.980500 0.000000 0.000000 -1.000000 0.000000 1.000000 0.000000 1.000000 0.000000 0.000000 26603.dat
1 72 1079.999000 -575.987900 -829.981000 0.000000 0.000000 -1.000000 0.000000 1.000000 0.000000 1.000000 0.000000 0.000000 26603.dat
1 72 1079.999000 -575.987900 -709.982000 0.000000 0.000000 -1.000000 0.000000 1.000000 0.000000 1.000000 0.000000 0.000000 26603.dat
1 72 1079.991000 -576.011500 -589.985500 0.000000 0.000000 -1.000000 0.000000 1.000000 0.000000 1.000000 0.000000 0.000000 26603.dat
0 STUDIOSTEPDESC Main Rails - Front
0 STEP
1 0 350.021600 -567.999800 -960.009300 0.000000 0.000000 1.000000 1.000000 0.000000 0.000000 0.000000 1.000000 0.000000 2780.dat
1 0 350.021600 -567.999800 -940.008900 0.000000 0.000000 1.000000 1.000000 0.000000 0.000000 0.000000 1.000000 0.000000 2780.dat
1 0 350.021600 -487.999700 -940.008900 0.000000 0.000000 1.000000 1.000000 0.000000 0.000000 0.000000 1.000000 0.000000 2780.dat
1 0 350.021600 -487.999700 -960.009100 0.000000 0.000000 1.000000 1.000000 0.000000 0.000000 0.000000 1.000000 0.000000 2780.dat
1 0 1090.000000 -487.992200 -939.975600 0.000000 0.000000 1.000000 1.000000 0.000000 0.000000 0.000000 1.000000 0.000000 2780.dat
1 0 1090.000000 -487.992200 -959.975500 0.000000 0.000000 1.000000 1.000000 0.000000 0.000000 0.000000 1.000000 0.000000 2780.dat
1 0 1089.999000 -567.993400 -939.975600 0.000000 0.000000 1.000000 1.000000 0.000000 0.000000 0.000000 1.000000 0.000000 2780.dat
1 0 1089.999000 -567.993400 -959.975500 0.000000 0.000000 1.000000 1.000000 0.000000 0.000000 0.000000 1.000000 0.000000 2780.dat
1 71 410.021600 -497.999700 -960.009300 0.000000 0.000000 -1.000000 0.000000 1.000000 0.000000 1.000000 0.000000 0.000000 32140.dat
1 71 410.021600 -577.999800 -960.008900 0.000000 0.000000 -1.000000 0.000000 1.000000 0.000000 1.000000 0.000000 0.000000 32140.dat
1 0 390.021700 -507.999700 -960.009300 0.000000 0.000000 1.000000 1.000000 0.000000 0.000000 0.000000 1.000000 0.000000 2780.dat
1 1 410.021600 -507.999800 -960.009300 0.000000 -1.000000 0.000000 1.000000 0.000000 0.000000 0.000000 0.000000 1.000000 43093.dat
1 71 1029.999000 -577.993400 -959.975700 0.000000 0.000000 1.000000 0.000000 -1.000000 0.000000 1.000000 0.000000 0.000000 32140.dat
1 71 1029.995000 -497.993000 -959.975500 0.000000 0.000000 1.000000 0.000000 -1.000000 0.000000 1.000000 0.000000 0.000000 32140.dat
1 0 1049.999000 -567.993400 -959.975700 0.000000 0.000000 -1.000000 1.000000 -0.000001 0.000000 -0.000001 -1.000000 0.000000 2780.dat
1 0 1049.995000 -507.993000 -959.975500 0.000000 0.000000 -1.000000 -1.000000 0.000000 0.000000 0.000000 1.000000 0.000000 2780.dat
1 1 1029.995000 -507.992900 -959.975500 0.000000 1.000000 0.000000 1.000000 0.000000 0.000000 0.000000 0.000000 -1.000000 43093.dat
1 1 1029.995000 -567.993400 -959.975600 0.000000 -1.000000 0.000000 -1.000000 0.000000 0.000000 0.000000 0.000000 -1.000000 43093.dat
1 0 390.019600 -567.988300 -960.010600 0.000000 0.000000 -1.000000 1.000000 -0.000001 0.000000 0.000000 -1.000000 0.000000 2780.dat
1 1 410.021600 -567.999800 -960.008900 0.000000 -1.000023 0.000000 -1.000023 0.000000 0.000000 0.000000 0.000000 -1.000000 43093.dat
1 71 530.021700 -557.999500 -960.009100 0.000000 0.000000 1.000000 0.000000 -1.000000 0.000000 1.000000 0.000000 0.000000 32278.dat
1 71 530.021700 -517.999800 -960.009300 0.000000 0.000000 1.000000 0.000000 -1.000000 0.000000 1.000000 0.000000 0.000000 32278.dat
1 71 929.995400 -517.992900 -959.975600 0.000000 0.000000 1.000000 0.000000 -1.000000 0.000000 1.000000 0.000000 0.000000 32278.dat
1 71 929.995400 -557.993400 -959.975600 0.000000 0.000000 1.000000 0.000000 -1.000000 0.000000 1.000000 0.000000 0.000000 32278.dat
1 0 789.995400 -567.993400 -959.975600 0.000000 0.000000 -1.000000 1.000000 -0.000001 0.000000 -0.000001 -1.000000 0.000000 2780.dat
1 0 809.995400 -567.993400 -959.975600 0.000000 0.000000 -1.000000 1.000000 -0.000001 0.000000 -0.000001 -1.000000 0.000000 2780.dat
1 0 809.995400 -527.992900 -959.975600 0.000000 0.000000 -1.000000 1.000000 -0.000001 0.000000 -0.000001 -1.000000 0.000000 2780.dat
1 0 789.995400 -527.992900 -959.975600 0.000000 0.000000 -1.000000 1.000000 -0.000001 0.000000 -0.000001 -1.000000 0.000000 2780.dat
1 0 829.995400 -547.992900 -959.975600 0.000000 0.000000 -1.000000 1.000000 -0.000001 0.000000 -0.000001 -1.000000 0.000000 2780.dat
1 0 650.021700 -567.999500 -960.009100 0.000000 0.000000 -1.000000 1.000000 -0.000001 0.000000 -0.000001 -1.000000 0.000000 2780.dat
1 0 670.021700 -567.999500 -960.008300 0.000000 0.000000 -1.000000 1.000000 -0.000001 0.000000 -0.000001 -1.000000 0.000000 2780.dat
1 0 670.021600 -527.998800 -960.008300 0.000000 0.000000 -1.000000 1.000000 -0.000001 0.000000 -0.000001 -1.000000 0.000000 2780.dat
1 0 650.021600 -527.998900 -960.008300 0.000000 0.000000 -1.000000 1.000000 -0.000001 0.000000 -0.000001 -1.000000 0.000000 2780.dat
1 0 630.021700 -547.999800 -960.009300 0.000000 0.000000 -1.000000 1.000000 -0.000001 0.000000 -0.000001 -1.000000 0.000000 2780.dat
1 71 729.995400 -537.993400 -959.975600 0.000000 0.000000 1.000000 0.000000 1.000000 0.000000 -1.000000 0.000000 0.000000 32525.dat
1 71 730.021900 -577.999500 -960.009100 0.000000 0.000000 1.000000 0.000000 -1.000000 0.000000 1.000000 0.000000 0.000000 40490.dat
1 0 1089.978000 -567.999600 2320.002000 0.000000 0.000000 -1.000000 1.000001 0.000000 0.000000 0.000000 -1.000000 0.000000 2780.dat
1 0 1089.978000 -567.999900 2300.003000 0.000000 0.000000 -1.000000 1.000001 0.000000 0.000000 0.000000 -1.000002 0.000000 2780.dat
1 0 1089.978000 -488.000700 2300.002000 0.000000 0.000000 -1.000000 1.000001 0.000000 0.000000 0.000000 -1.000002 0.000000 2780.dat
1 0 1089.978000 -488.000700 2320.003000 0.000000 0.000000 -1.000000 1.000001 0.000000 0.000000 0.000000 -1.000002 0.000000 2780.dat
1 0 350.002700 -487.993300 2299.969000 0.000000 0.000000 -1.000000 1.000001 0.000000 0.000000 0.000000 -1.000002 0.000000 2780.dat
1 0 350.002700 -487.993300 2319.969000 0.000000 0.000000 -1.000000 1.000001 0.000000 0.000000 0.000000 -1.000002 0.000000 2780.dat
1 0 350.002900 -567.993600 2299.970000 0.000000 0.000000 -1.000000 1.000001 0.000000 0.000000 0.000000 -1.000002 0.000000 2780.dat
1 0 350.002900 -567.993500 2319.970000 0.000000 0.000000 -1.000000 1.000001 0.000000 0.000000 0.000000 -1.000002 0.000000 2780.dat
1 71 1029.978000 -497.999700 2320.003000 0.000000 0.000000 1.000000 0.000000 1.000001 0.000000 -1.000002 0.000000 0.000000 32140.dat
1 71 1029.978000 -577.999800 2320.003000 0.000000 0.000000 1.000000 0.000000 1.000001 0.000000 -1.000002 0.000000 0.000000 32140.dat
1 0 1049.978000 -507.999800 2320.003000 0.000000 0.000000 -1.000000 1.000001 0.000000 0.000000 0.000000 -1.000002 0.000000 2780.dat
1 1 1029.978000 -507.999800 2320.003000 0.000000 1.000000 0.000000 1.000001 0.000000 0.000000 0.000000 0.000000 -1.000002 43093.dat
1 71 410.003300 -577.993500 2319.970000 0.000000 0.000000 -1.000000 0.000000 -1.000001 0.000000 -1.000002 0.000000 0.000000 32140.dat
1 71 410.007100 -497.992900 2319.969000 0.000000 0.000000 -1.000000 0.000000 -1.000001 0.000000 -1.000002 0.000000 0.000000 32140.dat
1 0 390.003000 -567.993500 2319.970000 0.000000 0.000000 1.000000 1.000001 -0.000001 0.000000 0.000001 1.000002 0.000000 2780.dat
1 0 390.007200 -507.993000 2319.969000 0.000000 0.000000 1.000000 -1.000002 0.000000 0.000000 0.000000 -1.000003 0.000000 2780.dat
1 1 410.007200 -507.992900 2319.969000 0.000000 -1.000000 0.000000 1.000002 0.000000 0.000000 0.000000 0.000000 1.000003 43093.dat
1 1 410.007200 -567.993500 2319.970000 0.000000 1.000000 0.000000 -1.000002 0.000000 0.000000 0.000000 0.000000 1.000003 43093.dat
1 0 1049.981000 -567.988300 2320.004000 0.000000 0.000000 1.000000 1.000001 -0.000001 0.000000 0.000000 1.000002 0.000000 2780.dat
1 1 1029.978000 -567.999900 2320.003000 0.000000 1.000022 0.000000 -1.000024 0.000000 0.000000 0.000000 0.000000 1.000002 43093.dat
1 71 929.979800 -557.999600 2320.003000 0.000000 0.000000 -1.000000 0.000000 -1.000001 0.000000 -1.000002 0.000000 0.000000 32278.dat
1 71 929.981200 -517.999100 2320.003000 0.000000 0.000000 -1.000000 0.000000 -1.000000 0.000000 -1.000002 0.000000 0.000000 32278.dat
1 71 530.006200 -517.993000 2319.970000 0.000000 0.000000 -1.000000 0.000000 -1.000001 0.000000 -1.000002 0.000000 0.000000 32278.dat
1 71 530.006300 -557.993600 2319.970000 0.000000 0.000000 -1.000000 0.000000 -1.000001 0.000000 -1.000002 0.000000 0.000000 32278.dat
1 0 670.005900 -567.993500 2319.970000 0.000000 0.000000 1.000000 1.000001 -0.000001 0.000000 0.000001 1.000002 0.000000 2780.dat
1 0 650.006000 -567.993500 2319.970000 0.000000 0.000000 1.000000 1.000001 -0.000001 0.000000 0.000001 1.000002 0.000000 2780.dat
1 0 650.005900 -527.993000 2319.970000 0.000000 0.000000 1.000000 1.000001 -0.000001 0.000000 0.000001 1.000002 0.000000 2780.dat
1 0 670.005900 -527.993100 2319.970000 0.000000 0.000000 1.000000 1.000001 -0.000001 0.000000 0.000001 1.000002 0.000000 2780.dat
1 0 630.006100 -547.993100 2319.970000 0.000000 0.000000 1.000000 1.000001 -0.000001 0.000000 0.000001 1.000002 0.000000 2780.dat
1 0 809.979600 -567.999700 2320.004000 0.000000 0.000000 1.000000 1.000001 -0.000001 0.000000 0.000001 1.000002 0.000000 2780.dat
1 0 789.979600 -567.999600 2320.003000 0.000000 0.000000 1.000000 1.000001 -0.000001 0.000000 0.000001 1.000002 0.000000 2780.dat
1 0 789.979500 -527.999000 2320.003000 0.000000 0.000000 1.000000 1.000001 -0.000001 0.000000 0.000001 1.000002 0.000000 2780.dat
1 0 809.979600 -527.999000 2320.003000 0.000000 0.000000 1.000000 1.000001 -0.000001 0.000000 0.000001 1.000002 0.000000 2780.dat
1 0 829.979800 -548.000200 2320.004000 0.000000 0.000000 1.000000 1.000001 -0.000001 0.000000 0.000001 1.000002 0.000000 2780.dat
1 71 730.005600 -537.993600 2319.970000 0.000000 0.000000 -1.000000 0.000000 1.000001 0.000000 1.000002 0.000000 0.000000 32525.dat
1 71 729.979200 -577.999500 2320.004000 0.000000 0.000000 -1.000000 0.000000 -1.000001 0.000000 -1.000002 0.000000 0.000000 40490.dat
0 STUDIOSTEPDESC Main Rails - End Barriers
0 STEP
1 0 1019.550000 -616.000100 821.000000 1.000000 0.000000 0.000000 0.000000 1.000000 0.000000 0.000000 0.000000 1.000000 2780.dat
1 0 1039.550000 -616.000100 761.000000 1.000000 0.000000 0.000000 0.000000 1.000000 0.000000 0.000000 0.000000 1.000000 2780.dat
1 71 969.550100 -676.000100 601.000000 0.000000 0.000000 -1.000000 -1.000000 0.000000 0.000000 0.000000 1.000000 0.000000 64178.dat
1 71 969.550000 -676.000100 721.000000 0.000000 0.000000 -1.000000 -1.000000 0.000000 0.000000 0.000000 1.000000 0.000000 64178.dat
1 0 1078.030000 -616.000000 801.034100 0.000000 0.000000 1.000033 0.000000 1.000000 0.000000 -1.000033 0.000000 0.000000 6578.dat
1 0 1079.000000 -616.000000 801.000000 0.000000 0.000000 -1.000000 0.000000 1.000000 0.000000 1.000000 0.000000 0.000000 2994.dat
1 71 1109.550000 -616.000100 661.000000 0.000000 1.000000 0.000000 -1.000000 0.000000 0.000000 0.000000 0.000000 1.000000 32278.dat
1 71 1089.940000 -616.000000 801.000000 0.000000 0.000000 1.000000 0.000000 1.000000 0.000000 -1.000000 0.000000 0.000000 3713.dat
1 14 1124.730000 -616.000000 801.000000 0.000000 0.000000 1.000000 0.000000 1.000000 0.000000 -1.000000 0.000000 0.000000 32123a.dat
1 0 1078.000000 -616.000000 521.000000 0.000000 0.000000 1.000033 0.000000 1.000000 0.000000 -1.000033 0.000000 0.000000 6578.dat
1 0 1079.000000 -616.000000 521.000000 0.000000 0.000000 -1.000021 0.000000 1.000000 0.000000 1.000021 0.000000 0.000000 2994.dat
1 71 1089.300000 -616.000000 521.000000 0.000000 0.000000 1.000021 0.000000 1.000000 0.000000 -1.000021 0.000000 0.000000 3713.dat
1 71 1049.550000 -616.000100 661.000000 0.000000 1.000000 0.000000 -1.000000 0.000000 0.000000 0.000000 0.000000 1.000000 32278.dat
1 0 1099.550000 -616.000100 701.000000 1.000000 0.000000 0.000000 0.000000 1.000000 0.000000 0.000000 0.000000 1.000000 2780.dat
1 0 1099.550000 -616.000100 741.000000 1.000000 0.000000 0.000000 0.000000 1.000000 0.000000 0.000000 0.000000 1.000000 2780.dat
1 0 1099.550000 -616.000100 621.000000 1.000000 0.000000 0.000000 0.000000 1.000000 0.000000 0.000000 0.000000 1.000000 2780.dat
1 0 1099.550000 -616.000100 581.000000 1.000000 0.000000 0.000000 0.000000 1.000000 0.000000 0.000000 0.000000 1.000000 2780.dat
1 0 1059.550000 -616.000100 741.000000 1.000000 0.000000 0.000000 0.000000 1.000000 0.000000 0.000000 0.000000 1.000000 2780.dat
1 14 994.730200 -616.000000 801.000000 0.000000 0.000000 1.000000 0.000000 1.000000 0.000000 -1.000000 0.000000 0.000000 32123a.dat
1 14 1034.550000 -616.000100 521.000000 0.000000 0.000000 1.000000 0.000000 1.000000 0.000000 -1.000000 0.000000 0.000000 32123a.dat
1 0 1089.550000 -616.000100 721.000000 0.000000 -1.000000 -0.000001 1.000000 0.000000 0.000000 0.000000 -0.000001 1.000000 39793.dat
1 0 1089.550000 -616.000100 601.000000 0.000000 -1.000000 -0.000001 1.000000 0.000000 0.000000 0.000000 -0.000001 1.000000 39793.dat
1 71 1069.550000 -616.000100 731.000000 0.000000 -1.000000 0.000000 1.000000 0.000000 0.000000 0.000000 0.000000 1.000000 43857.dat
1 1 1069.550000 -616.000100 721.000000 -1.000000 0.000000 0.000000 0.000000 1.000000 0.000000 0.000000 0.000000 -1.000000 6558.dat
1 0 1059.550000 -616.000100 621.000000 1.000000 0.000000 0.000000 0.000000 -1.000000 0.000000 0.000000 0.000000 -1.000000 2780.dat
1 71 1069.550000 -616.000100 611.000000 0.000000 -1.000000 0.000000 -1.000000 0.000000 0.000000 0.000000 0.000000 -1.000000 43857.dat
1 1 1069.550000 -616.000100 601.000000 -1.000000 0.000000 0.000000 0.000000 -1.000000 0.000000 0.000000 0.000000 1.000000 6558.dat
1 71 1029.550000 -616.000100 781.000000 0.000000 -1.000000 0.000000 1.000000 0.000000 0.000000 0.000000 0.000000 1.000000 32316.dat
1 1 1029.550000 -616.000100 781.000000 -1.000000 0.000000 0.000000 0.000000 1.000000 0.000000 0.000000 0.000000 -1.000000 6558.dat
1 71 1009.550000 -576.000100 801.000000 0.000000 1.000000 0.000000 0.000000 0.000000 -1.000000 -1.000000 0.000000 0.000000 60484.dat
1 71 1059.730000 -616.000000 801.000000 1.000000 0.000000 0.000000 0.000000 1.000000 0.000000 0.000000 0.000000 1.000000 44294.dat
1 70 1069.550000 -616.000100 521.000000 1.000000 0.000000 0.000000 0.000000 1.000000 0.000000 0.000000 0.000000 1.000000 15462.dat
1 71 1029.550000 -576.000100 561.000000 0.000000 1.000000 0.000000 0.000000 0.000000 1.000000 1.000000 0.000000 0.000000 14720.dat
1 0 1039.550000 -616.000100 581.000000 1.000000 0.000000 0.000000 0.000000 -1.000000 0.000000 0.000000 0.000000 -1.000000 2780.dat
1 0 1039.550000 -616.000100 541.000000 1.000000 0.000000 0.000000 0.000000 -1.000000 0.000000 0.000000 0.000000 -1.000000 2780.dat
1 0 1089.550000 -646.000100 581.000000 0.000000 0.000000 1.000000 -1.000000 0.000000 0.000000 0.000000 -1.000000 0.000000 2780.dat
1 0 1089.550000 -646.000100 621.000000 0.000000 0.000000 1.000000 -1.000000 0.000000 0.000000 0.000000 -1.000000 0.000000 2780.dat
1 0 1089.550000 -646.000100 701.000000 0.000000 0.000000 1.000000 -1.000000 0.000000 0.000000 0.000000 -1.000000 0.000000 2780.dat
1 0 1089.550000 -646.000100 741.000000 0.000000 0.000000 1.000000 -1.000000 0.000000 0.000000 0.000000 -1.000000 0.000000 2780.dat
1 71 1049.550000 -656.000100 721.000000 0.000000 0.000000 1.000000 0.000000 1.000000 0.000000 -1.000000 0.000000 0.000000 60484.dat
1 71 1049.550000 -656.000100 601.000000 0.000000 0.000000 1.000000 0.000000 1.000000 0.000000 -1.000000 0.000000 0.000000 60484.dat
1 0 1069.550000 -646.000100 721.000000 0.000000 0.000000 1.000000 -1.000000 0.000000 0.000000 0.000000 -1.000000 0.000000 2780.dat
1 0 1049.550000 -646.000100 721.000000 0.000000 0.000000 1.000000 -1.000000 0.000000 0.000000 0.000000 -1.000000 0.000000 2780.dat
1 0 1049.550000 -646.000100 601.000000 0.000000 0.000000 1.000000 -1.000000 0.000000 0.000000 0.000000 -1.000000 0.000000 2780.dat
1 0 1069.550000 -646.000100 601.000000 0.000000 0.000000 1.000000 -1.000000 0.000000 0.000000 0.000000 -1.000000 0.000000 2780.dat
1 71 629.552800 -716.000700 741.000900 0.000000 0.000000 1.000000 -1.000000 0.000000 0.000000 0.000000 -1.000000 0.000000 32278.dat
1 1 709.552900 -636.000800 741.000900 0.000001 0.000000 -1.000000 0.000000 -1.000000 0.000000 -1.000000 0.000000 0.000000 6558.dat
1 71 469.550900 -676.000700 721.000900 0.000000 0.000000 -1.000000 -1.000000 0.000000 0.000000 0.000000 1.000000 0.000000 64178.dat
1 71 569.551000 -616.000700 721.000900 0.000000 0.000000 -1.000000 0.000000 1.000000 0.000000 1.000000 0.000000 0.000000 32278.dat
1 71 469.550600 -676.000300 601.000000 0.000000 0.000000 -1.000000 -1.000000 0.000000 0.000000 0.000000 1.000000 0.000000 64178.dat
1 0 419.551600 -616.000800 821.002000 -1.000000 0.000000 0.000000 0.000000 1.000000 0.000000 0.000000 0.000000 -1.000000 2780.dat
1 0 399.551100 -616.000800 581.002000 -1.000000 0.000000 0.000000 0.000000 1.000000 0.000000 0.000000 0.000000 -1.000000 2780.dat
1 0 361.072000 -616.000700 520.967000 0.000000 0.000000 -1.000033 0.000000 1.000000 0.000000 1.000033 0.000000 0.000000 6578.dat
1 0 360.101700 -616.000700 521.001000 0.000000 0.000000 1.000000 0.000000 1.000000 0.000000 -1.000000 0.000000 0.000000 2994.dat
1 71 329.551700 -616.000700 661.001000 0.000000 -1.000000 0.000000 -1.000000 0.000000 0.000000 0.000000 0.000000 -1.000000 32278.dat
1 71 349.161600 -616.000700 521.001000 0.000000 0.000000 -1.000000 0.000000 1.000000 0.000000 1.000000 0.000000 0.000000 3713.dat
1 14 314.371400 -616.000700 801.000900 0.000000 0.000000 -1.000000 0.000000 1.000000 0.000000 1.000000 0.000000 0.000000 32123a.dat
1 0 360.101300 -616.000700 801.000900 0.000000 0.000000 -1.000000 0.000000 -1.000000 0.000000 -1.000000 0.000000 0.000000 6578.dat
1 0 360.101300 -616.000700 801.000900 0.000000 0.000000 1.000020 0.000000 1.000000 0.000000 -1.000020 0.000000 0.000000 2994.dat
1 71 349.801200 -616.000700 801.000900 0.000000 0.000000 -1.000020 0.000000 1.000000 0.000000 1.000020 0.000000 0.000000 3713.dat
1 71 389.551200 -616.000700 661.001000 0.000000 -1.000000 0.000000 -1.000000 0.000000 0.000000 0.000000 0.000000 -1.000000 32278.dat
1 0 339.551800 -616.000700 621.001000 -1.000000 0.000000 0.000000 0.000000 1.000000 0.000000 0.000000 0.000000 -1.000000 2780.dat
1 0 339.551800 -616.000800 581.001000 -1.000000 0.000000 0.000000 0.000000 1.000000 0.000000 0.000000 0.000000 -1.000000 2780.dat
1 0 339.551500 -616.000700 701.000900 -1.000000 0.000000 0.000000 0.000000 1.000000 0.000000 0.000000 0.000000 -1.000000 2780.dat
1 0 339.551500 -616.000700 741.000900 -1.000000 0.000000 0.000000 0.000000 1.000000 0.000000 0.000000 0.000000 -1.000000 2780.dat
1 0 379.551500 -616.000800 621.002000 -1.000000 0.000000 0.000000 0.000000 1.000000 0.000000 0.000000 0.000000 -1.000000 2780.dat
1 14 404.551200 -616.000700 521.001000 0.000000 0.000000 -1.000000 0.000000 1.000000 0.000000 1.000000 0.000000 0.000000 32123a.dat
1 0 349.551700 -616.000700 601.001000 0.000000 1.000000 0.000001 1.000000 0.000000 0.000000 0.000000 0.000001 -1.000000 39793.dat
1 0 349.551500 -616.000700 721.000900 0.000000 1.000000 0.000001 1.000000 0.000000 0.000000 0.000000 0.000001 -1.000000 39793.dat
1 71 369.551600 -616.000800 611.002000 0.000000 1.000000 0.000000 1.000000 0.000000 0.000000 0.000000 0.000000 -1.000000 43857.dat
1 1 369.551600 -616.000800 601.002000 1.000000 0.000000 0.000000 0.000000 1.000000 0.000000 0.000000 0.000000 1.000000 6558.dat
1 0 379.551200 -616.000700 701.000900 -1.000000 0.000000 0.000000 0.000000 -1.000000 0.000000 0.000000 0.000000 1.000000 2780.dat
1 71 369.551100 -616.000700 711.000900 0.000000 1.000000 0.000000 -1.000000 0.000000 0.000000 0.000000 0.000000 1.000000 43857.dat
1 1 369.551400 -616.000700 721.000900 1.000000 0.000000 0.000000 0.000000 -1.000000 0.000000 0.000000 0.000000 -1.000000 6558.dat
1 71 409.551100 -616.000800 781.002000 0.000000 1.000000 0.000000 1.000000 0.000000 0.000000 0.000000 0.000000 -1.000000 32316.dat
1 1 409.551100 -616.000800 781.002000 1.000000 0.000000 0.000000 0.000000 1.000000 0.000000 0.000000 0.000000 1.000000 6558.dat
1 71 429.551100 -576.000800 801.002000 0.000000 -1.000000 0.000000 0.000000 0.000000 -1.000000 1.000000 0.000000 0.000000 60484.dat
1 71 379.371200 -616.000700 801.002000 -1.000000 0.000000 0.000000 0.000000 1.000000 0.000000 0.000000 0.000000 -1.000000 44294.dat
1 70 369.551400 -616.000700 521.001000 -1.000000 0.000000 0.000000 0.000000 1.000000 0.000000 0.000000 0.000000 -1.000000 15462.dat
1 71 409.551200 -576.000700 561.001000 0.000000 -1.000000 0.000000 0.000000 0.000000 1.000000 -1.000000 0.000000 0.000000 14720.dat
1 0 399.551200 -616.000700 541.001000 -1.000000 0.000000 0.000000 0.000000 -1.000000 0.000000 0.000000 0.000000 1.000000 2780.dat
1 0 399.551200 -616.000700 741.000900 -1.000000 0.000000 0.000000 0.000000 -1.000000 0.000000 0.000000 0.000000 1.000000 2780.dat
1 0 349.551500 -646.000800 741.000900 0.000000 0.000000 -1.000000 -1.000000 0.000000 0.000000 0.000000 1.000000 0.000000 2780.dat
1 0 349.551200 -646.000700 701.000900 0.000000 0.000000 -1.000000 -1.000000 0.000000 0.000000 0.000000 1.000000 0.000000 2780.dat
1 0 349.551700 -646.000700 621.001000 0.000000 0.000000 -1.000000 -1.000000 0.000000 0.000000 0.000000 1.000000 0.000000 2780.dat
1 0 349.551700 -646.000800 581.001000 0.000000 0.000000 -1.000000 -1.000000 0.000000 0.000000 0.000000 1.000000 0.000000 2780.dat
1 71 389.551500 -656.000700 601.002000 0.000000 0.000000 -1.000000 0.000000 1.000000 0.000000 1.000000 0.000000 0.000000 60484.dat
1 71 389.551000 -656.000700 721.000900 0.000000 0.000000 -1.000000 0.000000 1.000000 0.000000 1.000000 0.000000 0.000000 60484.dat
1 0 369.551600 -646.000800 601.002000 0.000000 0.000000 -1.000000 -1.000000 0.000000 0.000000 0.000000 1.000000 0.000000 2780.dat
1 0 389.551500 -646.000800 601.002000 0.000000 0.000000 -1.000000 -1.000000 0.000000 0.000000 0.000000 1.000000 0.000000 2780.dat
1 0 389.551000 -646.000700 721.000900 0.000000 0.000000 -1.000000 -1.000000 0.000000 0.000000 0.000000 1.000000 0.000000 2780.dat
1 0 369.551100 -646.000700 721.000900 0.000000 0.000000 -1.000000 -1.000000 0.000000 0.000000 0.000000 1.000000 0.000000 2780.dat
1 14 444.371200 -616.000700 801.002000 0.000000 0.000000 -1.000000 0.000000 1.000000 0.000000 1.000000 0.000000 0.000000 32123a.dat
1 14 1014.550000 -536.000100 561.000000 0.000000 0.000000 1.000000 0.000000 1.000000 0.000000 -1.000000 0.000000 0.000000 32123a.dat
1 14 424.549900 -536.000000 561.000000 0.000000 0.000000 1.000000 0.000000 1.000000 0.000000 -1.000000 0.000000 0.000000 32123a.dat
1 71 1029.550000 -716.000100 641.000000 0.000000 1.000000 0.000000 0.000000 0.000000 1.000000 1.000000 0.000000 0.000000 60484.dat
1 1 1029.550000 -696.000100 641.000000 -1.000000 0.000000 -0.000001 0.000000 -1.000000 0.000000 -0.000001 0.000000 1.000000 6558.dat
1 14 1024.910000 -775.999900 641.000000 0.000000 0.000000 -1.000000 0.000000 1.000000 0.000000 1.000000 0.000000 0.000000 32123a.dat
1 70 1069.550000 -856.000100 701.000000 0.000000 0.000000 -1.000000 0.000000 1.000000 0.000000 1.000000 0.000000 0.000000 15462.dat
1 14 1069.550000 -856.000100 666.000000 1.000000 0.000000 -0.000001 0.000000 1.000000 0.000000 0.000001 0.000000 1.000000 32123a.dat
1 0 949.550000 -636.000100 731.000000 0.000000 0.000000 1.000000 0.000000 -1.000000 0.000000 1.000000 0.000000 0.000000 2780.dat
1 0 909.550000 -636.000100 731.000000 0.000000 0.000000 1.000000 0.000000 -1.000000 0.000000 1.000000 0.000000 0.000000 2780.dat
1 0 909.550000 -716.000100 731.000000 0.000000 0.000000 1.000000 0.000000 -1.000000 0.000000 1.000000 0.000000 0.000000 2780.dat
1 71 869.550000 -716.000100 741.000000 0.000000 0.000000 1.000000 -1.000000 0.000000 0.000000 0.000000 -1.000000 0.000000 32524.dat
1 71 889.550000 -636.000100 741.000000 0.000000 0.000000 1.000000 -1.000000 0.000000 0.000000 0.000000 -1.000000 0.000000 40490.dat
1 0 809.550100 -636.000200 731.000000 0.000000 0.000000 1.000000 0.000000 -1.000000 0.000000 1.000000 0.000000 0.000000 2780.dat
1 0 849.550100 -636.000200 731.000000 0.000000 0.000000 1.000000 0.000000 -1.000000 0.000000 1.000000 0.000000 0.000000 2780.dat
1 71 789.550100 -676.000200 721.000000 0.000000 0.000000 1.000000 -1.000000 0.000000 0.000000 0.000000 -1.000000 0.000000 64179.dat
1 0 809.550100 -716.000200 731.000000 0.000000 0.000000 1.000000 0.000000 -1.000000 0.000000 1.000000 0.000000 0.000000 2780.dat
1 0 849.550000 -716.000200 731.000000 0.000000 0.000000 1.000000 0.000000 -1.000000 0.000000 1.000000 0.000000 0.000000 2780.dat
1 0 729.550200 -636.000200 731.000000 0.000000 0.000000 1.000000 0.000000 -1.000000 0.000000 1.000000 0.000000 0.000000 2780.dat
1 0 769.552900 -636.000700 731.000900 0.000000 0.000000 1.000005 0.000000 -1.000000 0.000000 1.000000 0.000000 0.000000 2780.dat
1 0 729.551900 -716.000900 731.000900 0.000000 0.000000 1.000004 0.000000 -1.000000 0.000000 1.000000 0.000000 0.000000 2780.dat
1 0 769.552800 -716.000700 731.000900 0.000000 0.000000 1.000004 0.000000 -1.000000 0.000000 1.000000 0.000000 0.000000 2780.dat
1 71 729.552900 -636.000800 741.000900 0.000000 0.000000 1.000000 -1.000000 0.000000 0.000000 0.000000 -1.000000 0.000000 32524.dat
1 0 709.552800 -716.000700 731.000900 0.000000 0.000000 1.000000 0.000000 -1.000000 0.000000 1.000000 0.000000 0.000000 2780.dat
1 0 589.552900 -716.000700 731.000900 0.000000 0.000000 1.000000 0.000000 -1.000000 0.000000 1.000000 0.000000 0.000000 2780.dat
1 0 669.552900 -636.000800 731.000900 0.000000 0.000000 1.000000 0.000000 -1.000000 0.000000 1.000000 0.000000 0.000000 2780.dat
1 71 649.552800 -676.000700 721.000900 0.000000 0.000000 1.000000 -1.000000 0.000000 0.000000 0.000000 -1.000000 -0.000001 64179.dat
1 0 529.551000 -716.000700 731.000900 0.000000 0.000000 1.000000 0.000000 -1.000000 0.000000 1.000000 0.000000 0.000000 2780.dat
1 0 489.552900 -716.000700 731.000900 0.000000 0.000000 1.000002 0.000000 -1.000000 0.000000 1.000002 0.000000 0.000000 2780.dat
1 0 589.552900 -636.000700 731.000900 0.000000 0.000000 1.000000 0.000000 -1.000000 0.000000 1.000000 0.000000 0.000000 2780.dat
1 71 569.552900 -636.000700 741.000900 0.000000 0.000000 1.000000 1.000000 0.000000 0.000000 0.000000 1.000000 0.000000 32316.dat
1 0 529.552900 -636.000700 731.000900 0.000000 0.000000 1.000000 0.000000 -1.000000 0.000000 1.000000 0.000000 0.000000 2780.dat
1 0 429.551000 -626.000700 721.000900 0.000000 1.000000 0.000000 1.000000 0.000000 0.000000 0.000000 0.000000 -1.000000 2780.dat
1 0 509.550900 -626.000800 721.000900 0.000000 1.000000 0.000000 1.000000 0.000000 0.000000 0.000000 0.000000 -1.000000 2780.dat
1 0 569.551000 -626.000700 721.000900 0.000000 1.000000 0.000000 1.000000 0.000000 0.000000 0.000000 0.000000 -1.000000 2780.dat
1 0 609.552900 -626.000700 721.000900 0.000000 1.000000 0.000000 1.000000 0.000000 0.000000 0.000000 0.000000 -1.000000 2780.dat
1 0 689.552900 -626.000700 721.000900 0.000000 1.000000 0.000000 1.000000 0.000000 0.000000 0.000000 0.000000 -1.000000 2780.dat
1 0 909.550100 -636.000100 591.000000 0.000000 0.000000 1.000000 0.000000 -1.000000 0.000000 1.000000 0.000000 0.000000 2780.dat
1 0 949.550100 -636.000100 591.000000 0.000000 0.000000 1.000000 0.000000 -1.000000 0.000000 1.000000 0.000000 0.000000 2780.dat
1 0 949.550100 -716.000100 591.000000 0.000000 0.000000 1.000000 0.000000 -1.000000 0.000000 1.000000 0.000000 0.000000 2780.dat
1 0 909.550100 -716.000100 591.000000 0.000000 0.000000 1.000000 0.000000 -1.000000 0.000000 1.000000 0.000000 0.000000 2780.dat
1 71 869.550100 -716.000100 581.000000 0.000000 0.000000 1.000000 -1.000000 0.000000 0.000000 0.000000 -1.000000 0.000000 40490.dat
1 71 889.550100 -636.000100 581.000000 0.000000 0.000000 1.000000 -1.000000 0.000000 0.000000 0.000000 -1.000000 0.000000 40490.dat
1 0 849.550300 -636.000200 591.000000 0.000000 0.000000 1.000000 0.000000 -1.000000 0.000000 1.000000 0.000000 0.000000 2780.dat
1 0 809.550300 -636.000200 591.000000 0.000000 0.000000 1.000000 0.000000 -1.000000 0.000000 1.000000 0.000000 0.000000 2780.dat
1 0 849.550300 -716.000200 591.000000 0.000000 0.000000 1.000000 0.000000 -1.000000 0.000000 1.000000 0.000000 0.000000 2780.dat
1 0 809.550300 -716.000200 591.000000 0.000000 0.000000 1.000000 0.000000 -1.000000 0.000000 1.000000 0.000000 0.000000 2780.dat
1 71 789.550400 -676.000200 601.000000 0.000000 0.000000 1.000000 -1.000000 0.000000 0.000000 0.000000 -1.000000 0.000000 64179.dat
1 0 729.550400 -636.000200 591.000000 0.000000 0.000000 1.000000 0.000000 -1.000000 0.000000 1.000000 0.000000 0.000000 2780.dat
1 71 719.550400 -636.000200 581.000000 0.000000 0.000000 1.000000 -1.000000 0.000000 0.000000 0.000000 -1.000000 0.000000 43857.dat
1 0 709.550500 -636.000200 591.000000 0.000000 0.000000 1.000000 0.000000 -1.000000 0.000000 1.000000 0.000000 0.000000 2780.dat
1 71 649.550500 -676.000200 601.000000 0.000000 -0.000001 1.000000 -1.000000 0.000000 0.000000 0.000000 -1.000000 -0.000001 64179.dat
1 0 629.550600 -636.000200 591.000000 0.000000 0.000000 1.000000 0.000000 -1.000000 0.000000 1.000000 0.000000 0.000000 2780.dat
1 0 589.550600 -636.000200 591.000000 0.000000 0.000000 1.000000 0.000000 -1.000000 0.000000 1.000000 0.000000 0.000000 2780.dat
1 0 589.550600 -716.000200 591.000000 0.000000 0.000000 1.000000 0.000000 -1.000000 0.000000 1.000000 0.000000 0.000000 2780.dat
1 0 629.550600 -716.000200 591.000000 0.000000 0.000000 1.000000 0.000000 -1.000000 0.000000 1.000000 0.000000 0.000000 2780.dat
1 71 569.550600 -716.000200 581.000000 0.000000 0.000000 1.000000 -1.000000 0.000000 0.000000 0.000000 -1.000000 0.000000 40490.dat
1 71 549.550600 -636.000200 581.000000 0.000000 0.000000 1.000000 -1.000000 0.000000 0.000000 0.000000 -1.000000 0.000000 40490.dat
1 0 489.550600 -716.000300 591.000000 0.000000 0.000000 1.000000 0.000000 -1.000000 0.000000 1.000000 0.000000 0.000000 2780.dat
1 0 529.550700 -716.000200 591.000000 0.000000 0.000000 1.000000 0.000000 -1.000000 0.000000 1.000000 0.000000 0.000000 2780.dat
1 0 489.550600 -636.000300 591.000000 0.000000 0.000000 1.000000 0.000000 -1.000000 0.000000 1.000000 0.000000 0.000000 2780.dat
1 0 529.550700 -636.000200 591.000000 0.000000 0.000000 1.000000 0.000000 -1.000000 0.000000 1.000000 0.000000 0.000000 2780.dat
1 0 719.549900 -536.000100 561.000000 1.000000 0.000000 0.000000 0.000000 1.000000 0.000000 0.000000 0.000000 1.000000 50450.dat
1 0 1039.550000 -676.000100 721.000000 1.000000 0.000000 0.000000 0.000000 -1.000000 0.000000 0.000000 0.000000 -1.000000 2780.dat
1 0 1039.550000 -676.000100 601.000000 1.000000 0.000000 0.000000 0.000000 -1.000000 0.000000 0.000000 0.000000 -1.000000 2780.dat
1 71 1049.550000 -676.000100 661.000000 0.000000 -1.000000 0.000000 -1.000000 0.000000 0.000000 0.000000 0.000000 -1.000000 32524.dat
1 0 1039.550000 -676.000100 621.000000 1.000000 0.000000 0.000000 0.000000 -1.000000 0.000000 0.000000 0.000000 -1.000000 2780.dat
1 0 1039.550000 -676.000100 661.000000 1.000000 0.000000 0.000000 0.000000 -1.000000 0.000000 0.000000 0.000000 -1.000000 2780.dat
1 71 1049.550000 -696.000100 681.000000 0.000000 -1.000000 0.000000 0.000000 0.000000 1.000000 -1.000000 0.000000 0.000000 32009.dat
1 1 1039.550000 -696.000100 601.000000 1.000000 0.000000 0.000000 0.000000 1.000000 0.000000 0.000000 0.000000 1.000000 43093.dat
1 0 1029.550000 -716.000100 731.000000 0.000000 0.000000 1.000000 0.000000 -1.000000 0.000000 1.000000 0.000000 0.000000 2780.dat
1 71 1069.550000 -716.000100 741.000000 -1.000000 0.000000 0.000000 0.000000 0.000000 1.000000 0.000000 1.000000 0.000000 32009.dat
1 72 989.550100 -716.000100 721.000000 0.000000 0.000000 -1.000000 0.000000 1.000000 0.000000 1.000000 0.000000 0.000000 11214.dat
1 71 989.550100 -716.000100 701.000000 -1.000000 0.000000 0.000000 0.000000 1.000000 0.000000 0.000000 0.000000 -1.000000 42003.dat
1 0 699.550200 -736.000100 701.000000 1.000000 0.000000 0.000000 0.000000 1.000000 0.000000 0.000000 0.000000 1.000000 50450.dat
1 0 1019.550000 -716.000100 641.000000 1.000000 0.000000 0.000000 0.000000 -1.000000 0.000000 0.000000 0.000000 -1.000000 2780.dat
1 71 1009.550000 -736.000100 641.000000 0.000000 -1.000000 0.000000 0.000000 0.000000 1.000000 -1.000000 0.000000 0.000000 32316.dat
1 0 709.910300 -775.999900 641.000000 1.000000 0.000000 0.000000 0.000000 1.000000 0.000000 0.000000 0.000000 1.000000 50450.dat
1 0 1069.550000 -816.000100 731.000000 0.000000 0.000000 1.000000 0.000000 -1.000000 0.000000 1.000000 0.000000 0.000000 2780.dat
1 71 1069.550000 -836.000100 721.000000 -1.000000 0.000000 0.000000 0.000000 0.000000 -1.000000 0.000000 -1.000000 0.000000 32523.dat
1 71 1069.550000 -856.000100 681.000000 -1.000000 0.000000 0.000001 -0.000001 0.000000 -1.000000 0.000000 -1.000000 0.000000 22961.dat
1 15 549.550600 -636.000200 561.000000 0.000000 0.000000 -1.000000 -1.000000 0.000000 0.000000 0.000000 1.000000 0.000000 2477.dat
1 0 509.550600 -636.000200 571.000000 0.000000 0.000000 1.000000 0.000000 -1.000000 0.000000 1.000000 0.000000 0.000000 2780.dat
1 0 549.550600 -636.000200 571.000000 0.000000 0.000000 1.000000 0.000000 -1.000000 0.000000 1.000000 0.000000 0.000000 2780.dat
1 71 409.550800 -776.000700 641.001000 -1.000000 0.000000 0.000000 0.000000 1.000000 0.000000 0.000000 0.000000 -1.000000 32013.dat
1 71 449.550600 -656.000200 561.000000 1.000000 0.000000 0.000000 0.000000 1.000000 0.000000 0.000000 0.000000 1.000000 15100.dat
1 15 449.550900 -816.000700 721.000900 -1.000000 -0.000001 0.000000 0.000000 0.000000 1.000000 -0.000001 1.000000 0.000000 2477.dat
1 0 429.550900 -726.000700 721.000900 0.000000 0.000000 -1.000000 -1.000000 0.000000 0.000000 0.000000 1.000000 0.000000 2780.dat
1 71 369.550900 -736.000700 721.000900 0.000000 0.000000 1.000000 1.000000 0.000000 0.000000 0.000000 1.000000 0.000000 15100.dat
1 71 409.550900 -716.000700 701.000900 1.000000 0.000000 0.000000 0.000000 1.000000 0.000000 0.000000 0.000000 1.000000 42003.dat
1 0 409.550900 -716.000700 711.000900 0.000000 0.000000 1.000000 0.000000 -1.000000 0.000000 1.000000 0.000000 0.000000 2780.dat
1 1 409.550900 -696.000700 681.000900 0.000000 0.000000 1.000000 0.000000 1.000000 0.000000 -1.000000 0.000000 0.000000 6558.dat
1 71 409.550900 -796.000700 681.000900 1.000000 0.000000 0.000000 0.000000 0.000000 1.000000 0.000000 -1.000000 0.000000 32525.dat
1 1 409.550900 -776.000700 671.001000 0.000000 0.000000 1.000000 0.000000 1.000000 0.000000 -1.000000 0.000000 0.000000 43093.dat
1 14 394.910300 -775.999800 641.000000 0.000000 0.000000 -1.000000 0.000000 1.000000 0.000000 1.000000 0.000000 0.000000 32123a.dat
1 0 449.550900 -776.000700 731.000900 0.000000 0.000000 1.000000 0.000000 -1.000000 0.000000 1.000000 0.000000 0.000000 2780.dat
1 0 409.550900 -896.000700 671.001000 0.000000 0.000000 1.000000 0.000000 -1.000000 0.000000 1.000000 0.000000 0.000000 2780.dat
1 1 409.550900 -876.000700 661.001000 0.000000 0.000000 1.000000 0.000000 -1.000000 0.000000 1.000000 0.000000 0.000000 6558.dat
1 71 349.550900 -876.000700 661.001000 0.000000 0.000000 1.000000 -1.000000 0.000000 0.000000 0.000000 -1.000000 0.000000 32140.dat
1 1 349.550900 -876.000700 651.001000 0.000000 0.000000 -1.000000 0.000000 1.000000 0.000000 1.000000 0.000000 0.000000 43093.dat
1 70 409.550900 -856.000700 701.000900 0.000000 0.000000 1.000000 0.000000 1.000000 0.000000 -1.000000 0.000000 0.000000 15462.dat
1 71 449.550600 -676.000200 521.000000 1.000000 0.000000 0.000000 0.000000 1.000000 0.000000 0.000000 0.000000 1.000000 40490.dat
1 0 449.550600 -666.000200 561.000000 0.000000 0.000000 -1.000000 -1.000000 0.000000 0.000000 0.000000 1.000000 0.000000 2780.dat
1 1 449.550600 -696.000200 501.000000 0.000000 0.000000 1.000000 -1.000000 0.000000 0.000000 0.000000 -1.000000 0.000000 6558.dat
1 0 449.550600 -686.000200 441.000000 0.000000 0.000000 -1.000000 -1.000000 0.000000 0.000000 0.000000 1.000000 0.000000 2780.dat
1 71 389.550600 -696.000200 441.000000 0.000000 0.000000 -1.000000 0.000000 1.000000 0.000000 1.000000 0.000000 0.000000 32524.dat
1 0 349.550600 -686.000200 441.000000 0.000000 0.000000 -1.000000 -1.000000 0.000000 0.000000 0.000000 1.000000 0.000000 2780.dat
1 0 349.550600 -686.000200 501.000000 0.000000 0.000000 -1.000000 -1.000000 0.000000 0.000000 0.000000 1.000000 0.000000 2780.dat
1 71 349.551000 -676.000600 581.001000 1.000000 0.000000 0.000000 0.000000 1.000000 0.000000 0.000000 0.000000 1.000000 32278.dat
1 1 349.551000 -676.000600 721.000900 0.000000 0.000000 1.000000 -1.000000 0.000000 0.000000 0.000000 -1.000000 -0.000001 6558.dat
1 0 349.551000 -666.000600 601.001000 0.000000 0.000000 -1.000000 -1.000000 0.000000 0.000000 0.000000 1.000000 0.000000 2780.dat
1 71 369.551000 -716.000700 661.001000 0.000000 0.000000 -1.000000 -1.000000 0.000000 0.000000 0.000000 1.000000 0.000000 14720.dat
1 0 389.551000 -706.000700 661.001000 0.000000 0.000000 -1.000000 -1.000000 0.000000 0.000000 0.000000 1.000000 0.000000 2780.dat
1 71 389.551000 -696.000700 661.001000 0.000000 0.000000 -1.000000 0.000000 1.000000 0.000000 1.000000 0.000000 0.000000 60484.dat
1 1 349.551000 -696.000600 661.001000 0.000000 -0.000001 1.000000 -1.000000 0.000000 0.000000 0.000000 -1.000000 -0.000001 6558.dat
1 1 409.550900 -736.000700 661.001000 0.000000 0.000000 -1.000000 0.000000 1.000000 0.000000 1.000000 0.000000 0.000000 6558.dat
1 0 349.551000 -686.000600 681.000900 0.000000 0.000000 -1.000000 -1.000000 0.000000 0.000000 0.000000 1.000000 0.000000 2780.dat
1 71 409.550900 -856.000700 761.000900 1.000000 0.000000 0.000000 0.000000 0.000000 1.000000 0.000000 -1.000000 0.000000 54675.dat
1 0 369.550900 -736.000700 731.000900 0.000000 0.000000 1.000000 0.000000 -1.000000 0.000000 1.000000 0.000000 0.000000 2780.dat
1 14 409.550900 -856.000700 666.001000 -1.000000 0.000000 0.000000 0.000000 1.000000 0.000000 0.000000 0.000000 -1.000000 32123a.dat
1 72 409.550900 -856.000700 701.000900 -1.000000 0.000000 0.000000 0.000000 1.000000 0.000000 0.000000 0.000000 -1.000000 3648b.dat
1 14 409.550900 -856.000700 716.000900 -1.000000 0.000000 0.000000 0.000000 1.000000 0.000000 0.000000 0.000000 -1.000000 32123a.dat
1 71 309.550900 -696.000700 721.000900 0.000000 0.000000 -1.000000 0.000000 1.000000 0.000000 1.000000 0.000000 0.000000 40490.dat
1 0 389.550900 -706.000700 721.000900 0.000000 0.000000 -1.000000 -1.000000 0.000000 0.000000 0.000000 1.000000 0.000000 2780.dat
1 0 269.550600 -706.000200 501.000000 0.000000 0.000000 -1.000000 -1.000000 0.000000 0.000000 0.000000 1.000000 0.000000 2780.dat
1 15 429.550600 -696.000300 521.000000 0.000000 -1.000000 0.000000 1.000000 0.000000 0.000000 0.000000 0.000000 1.000000 2477.dat
1 0 419.550600 -656.000300 601.000000 -1.000000 0.000000 0.000000 0.000000 0.000000 1.000000 0.000000 1.000000 0.000000 2780.dat
1 0 419.550500 -696.000300 601.000000 -1.000000 0.000000 0.000000 0.000000 0.000000 1.000000 0.000000 1.000000 0.000000 2780.dat
1 0 429.550600 -706.000300 581.000000 0.000000 0.000000 -1.000000 -1.000000 0.000000 0.000000 0.000000 1.000000 0.000000 2780.dat
1 71 669.552800 -576.000700 801.000900 0.000000 -1.000000 0.000000 0.000000 0.000000 -1.000000 1.000000 0.000000 0.000000 54675.dat
1 0 689.552800 -716.000700 751.000900 0.000000 0.000000 1.000000 0.000000 -1.000000 0.000000 1.000000 0.000000 0.000000 2780.dat
1 0 649.552800 -716.000700 751.000900 0.000000 0.000000 1.000000 0.000000 -1.000000 0.000000 1.000000 0.000000 0.000000 2780.dat
1 71 709.552900 -636.000800 761.000900 0.000000 0.000000 -1.000000 -1.000000 0.000000 0.000000 0.000000 1.000000 0.000000 15100.dat
1 71 709.552900 -656.000800 761.000900 -1.000000 0.000000 0.000000 0.000000 1.000000 0.000000 0.000000 0.000000 -1.000000 15100.dat
1 71 409.331100 -576.000800 801.002000 0.000000 0.000000 -1.000000 0.000000 1.000000 0.000000 1.000000 0.000000 0.000000 94925.dat
1 71 519.552800 -576.003500 801.000900 0.000000 0.000000 1.000000 0.000000 1.000000 0.000000 -1.000000 0.000000 0.000000 59443.dat
1 71 589.552800 -576.000700 801.000900 1.000000 0.000000 0.000000 0.000000 1.000000 0.000000 0.000000 0.000000 1.000000 44294.dat
1 71 769.552800 -576.000700 801.000900 1.000000 0.000000 0.000000 0.000000 1.000000 0.000000 0.000000 0.000000 1.000000 44294.dat
1 71 839.552800 -576.003500 801.000900 0.000000 0.000000 1.000000 0.000000 1.000000 0.000000 -1.000000 0.000000 0.000000 59443.dat
1 71 949.552800 -576.000700 801.000900 1.000000 0.000000 0.000000 0.000000 1.000000 0.000000 0.000000 0.000000 1.000000 23948.dat
1 71 1028.363000 -576.000700 801.000900 0.000000 0.000000 -1.000000 0.000000 1.000000 0.000000 1.000000 0.000000 0.000000 94925.dat
1 15 869.552800 -576.000700 801.000900 0.000000 1.000000 0.000000 -1.000000 0.000000 0.000000 0.000000 0.000000 1.000000 7229.dat
1 71 449.552800 -576.000700 801.000900 1.000000 0.000000 0.000000 0.000000 1.000000 0.000000 0.000000 0.000000 1.000000 44294.dat
1 72 1069.550000 -856.000100 701.000000 -1.000000 0.000000 0.000000 0.000000 1.000000 0.000000 0.000000 0.000000 -1.000000 3648b.dat
1 1 269.550900 -686.000700 721.000900 0.000000 0.000000 -1.000000 1.000000 0.000000 0.000000 0.000000 -1.000000 0.000000 43093.dat
1 1 229.550900 -686.000700 721.000900 0.000000 0.000000 -1.000000 1.000000 0.000000 0.000000 0.000000 -1.000000 0.000000 43093.dat
0 STUDIOSTEPDESC Main Gantry Bridge
0 STEP
1 72 770.050200 -856.000100 621.000000 0.992546 0.121870 0.000000 0.000000 0.000000 -1.000000 -0.121870 0.992546 0.000000 3648b.dat
1 14 850.050100 -856.000000 625.500000 1.000000 0.000000 -0.000001 0.000000 1.000000 0.000000 0.000001 0.000000 1.000000 32123a.dat
1 1 710.050200 -756.000100 621.000000 0.000000 0.000000 1.000000 0.000000 -1.000000 0.000000 1.000000 0.000000 0.000000 6558.dat
1 0 710.050200 -756.000100 711.000000 0.000000 0.000000 1.000000 0.000000 -1.000000 0.000000 1.000000 0.000000 0.000000 2780.dat
1 71 710.050200 -776.000100 721.000000 1.000000 0.000000 0.000000 0.000000 0.000000 1.000000 0.000000 -1.000000 0.000000 60484.dat
1 71 690.050200 -736.000100 701.000000 0.000000 1.000000 0.000000 -1.000000 0.000000 0.000000 0.000000 0.000000 1.000000 15100.dat
1 71 750.050200 -756.000100 661.000000 0.000000 0.000000 1.000000 0.000000 1.000000 0.000000 -1.000000 0.000000 0.000000 64179.dat
1 71 809.550100 -736.000100 701.000000 0.000000 1.000000 0.000000 -1.000000 0.000000 0.000000 0.000000 0.000000 1.000000 15100.dat
1 0 790.050100 -756.000100 711.000000 0.000000 0.000000 1.000000 0.000000 -1.000000 0.000000 1.000000 0.000000 0.000000 2780.dat
1 71 790.050100 -776.000100 721.000000 1.000000 0.000000 0.000000 0.000000 0.000000 1.000000 0.000000 -1.000000 0.000000 60484.dat
1 71 750.050200 -736.000100 741.000000 0.000000 0.000001 -1.000000 1.000000 0.000000 0.000000 0.000000 -1.000000 -0.000001 32316.dat
1 0 730.050200 -736.000100 731.000000 0.000000 0.000000 1.000000 0.000000 -1.000000 0.000000 1.000000 0.000000 0.000000 2780.dat
1 0 710.050200 -736.000100 731.000000 0.000000 0.000000 1.000000 0.000000 -1.000000 0.000000 1.000000 0.000000 0.000000 2780.dat
1 0 770.050300 -736.000100 731.000000 0.000000 0.000000 1.000000 0.000000 -1.000000 0.000000 1.000000 0.000000 0.000000 2780.dat
1 0 790.050100 -736.000100 731.000000 0.000000 0.000000 1.000000 0.000000 -1.000000 0.000000 1.000000 0.000000 0.000000 2780.dat
1 1 790.050100 -756.000100 621.000000 0.000000 0.000000 1.000000 0.000000 -1.000000 0.000000 1.000000 0.000000 0.000000 6558.dat
1 71 790.050100 -776.000100 601.000000 1.000000 0.000000 0.000000 0.000000 0.000000 1.000000 0.000000 -1.000000 0.000000 60484.dat
1 71 710.050200 -776.000100 601.000000 1.000000 0.000000 0.000000 0.000000 0.000000 1.000000 0.000000 -1.000000 0.000000 60484.dat
1 71 750.050800 -735.999900 580.999000 0.000000 0.000000 0.999999 1.000000 0.000000 0.000000 0.000000 0.999999 0.000000 32316.dat
1 0 770.050200 -736.000100 591.000000 0.000000 0.000000 -1.000000 0.000000 -1.000000 0.000000 -1.000000 0.000000 0.000000 2780.dat
1 0 790.050100 -736.000100 591.000000 0.000000 0.000000 -1.000000 0.000000 -1.000000 0.000000 -1.000000 0.000000 0.000000 2780.dat
1 0 730.050200 -736.000100 591.000000 0.000000 0.000000 -1.000000 0.000000 -1.000000 0.000000 -1.000000 0.000000 0.000000 2780.dat
1 0 710.050400 -736.000100 591.000000 0.000000 0.000000 -1.000000 0.000000 -1.000000 0.000000 -1.000000 0.000000 0.000000 2780.dat
1 0 820.050100 -756.000100 641.000000 1.000000 0.000000 0.000000 0.000000 -1.000000 0.000000 0.000000 0.000000 -1.000000 2780.dat
1 0 820.050100 -756.000100 681.000000 1.000000 0.000000 0.000000 0.000000 -1.000000 0.000000 0.000000 0.000000 -1.000000 2780.dat
1 71 830.050100 -836.000100 641.000000 0.000000 1.000000 0.000000 0.000000 0.000000 1.000000 1.000000 0.000000 0.000000 32526.dat
1 71 349.550600 -696.000200 501.000000 0.000000 0.000000 1.000000 0.000000 1.000000 0.000000 -1.000000 0.000000 0.000000 32525.dat
1 0 680.050200 -756.000100 641.000000 1.000000 0.000000 0.000000 0.000000 -1.000000 0.000000 0.000000 0.000000 -1.000000 2780.dat
1 71 670.050200 -796.000100 641.000000 0.000000 -1.000000 0.000000 0.000000 0.000000 -1.000000 1.000000 0.000000 0.000000 32316.dat
1 0 680.050200 -836.000100 641.000000 1.000000 0.000000 0.000000 0.000000 -1.000000 0.000000 0.000000 0.000000 -1.000000 2780.dat
1 71 750.050200 -856.000100 641.000000 0.000000 0.000000 1.000000 -1.000000 0.000000 0.000000 0.000000 -1.000000 0.000000 64179.dat
1 0 820.050100 -836.000100 641.000000 1.000000 0.000000 0.000000 0.000000 -1.000000 0.000000 0.000000 0.000000 -1.000000 2780.dat
1 71 850.050100 -856.000100 641.000000 0.000000 0.000000 1.000000 0.000000 1.000000 0.000000 -1.000000 0.000000 0.000000 32013.dat
1 1 820.050100 -856.000100 641.000000 1.000000 0.000000 0.000000 0.000000 1.000000 0.000000 0.000000 0.000000 1.000000 43093.dat
1 71 850.050100 -856.000000 670.500000 0.000000 0.000000 -1.000000 0.000000 1.000000 0.000000 1.000000 0.000000 0.000000 3706.dat
1 70 810.050100 -896.000100 661.000000 0.000000 0.000000 1.000000 0.000000 1.000000 0.000000 -1.000000 0.000000 0.000000 24316.dat
1 71 810.050100 -896.000100 661.000000 -1.000000 0.000000 0.000000 0.000000 1.000000 0.000000 0.000000 0.000000 -1.000000 94925.dat
1 71 750.050200 -856.000100 680.500000 0.000000 -0.000001 1.000000 -1.000000 0.000000 0.000000 0.000000 -1.000000 -0.000001 64179.dat
1 70 810.050100 -816.000100 660.500000 0.000000 0.000000 1.000000 0.000000 1.000000 0.000000 -1.000000 0.000000 0.000000 24316.dat
1 71 810.051400 -816.000100 660.499000 -1.000033 0.000000 0.000000 0.000000 1.000000 0.000000 0.000000 0.000000 -1.000033 94925.dat
1 71 750.050200 -856.000100 720.500000 0.000000 -0.000001 1.000000 -1.000000 0.000000 0.000000 0.000000 -1.000000 -0.000001 64179.dat
1 71 750.050200 -756.000100 641.000000 0.000000 0.000000 1.000000 1.000000 0.000000 0.000000 0.000000 1.000000 0.000000 32316.dat
1 71 730.050200 -776.000100 701.000000 0.000000 0.000000 1.000000 0.000000 -1.000000 0.000000 1.000000 0.000000 0.000000 32316.dat
1 0 730.050200 -766.000100 701.000000 0.000000 0.000000 1.000000 -1.000000 0.000000 0.000000 0.000000 -1.000000 0.000000 2780.dat
1 0 770.050200 -766.000100 701.000000 0.000000 0.000000 1.000000 -1.000000 0.000000 0.000000 0.000000 -1.000000 0.000000 2780.dat
1 0 750.050200 -786.000100 701.000000 0.000000 0.000000 1.000000 -1.000000 0.000000 0.000000 0.000000 -1.000000 0.000000 2780.dat
1 71 750.050200 -796.000100 681.000000 1.000000 0.000000 0.000000 0.000000 1.000000 0.000000 0.000000 0.000000 1.000000 32524.dat
1 0 730.050200 -816.000100 730.500000 0.000000 0.000000 1.000000 0.000000 -1.000000 0.000000 1.000000 0.000000 0.000000 2780.dat
1 71 850.050100 -856.000100 680.500000 -1.000000 0.000000 0.000000 0.000000 0.000000 1.000000 0.000000 1.000000 0.000000 15100.dat
1 0 820.050100 -836.000100 680.500000 -1.000000 0.000000 0.000000 0.000000 -0.000001 1.000000 0.000000 1.000000 0.000001 2780.dat
1 0 820.050100 -876.000100 680.500000 -1.000000 0.000000 0.000000 0.000000 -0.000001 1.000000 0.000000 1.000000 0.000001 2780.dat
1 0 790.050100 -906.000100 641.000000 0.000000 0.000001 -1.000000 -1.000000 -0.000001 0.000000 -0.000001 1.000000 0.000001 2780.dat
1 71 850.050100 -856.000000 760.500000 0.000000 0.000000 -1.000000 -1.000000 0.000000 0.000000 0.000000 1.000000 0.000000 54675.dat
1 71 830.050100 -856.000100 680.500000 0.000000 1.000000 0.000000 0.000000 0.000000 -1.000000 -1.000000 0.000000 -0.000001 32523.dat
1 71 730.050200 -896.000100 660.500000 0.000000 0.000000 -1.000000 0.000000 1.000000 0.000000 1.000000 0.000000 0.000000 87082.dat
1 71 770.050200 -896.000100 661.000000 0.000000 0.000000 -1.000000 0.000000 1.000000 0.000000 1.000000 0.000000 0.000000 87082.dat
1 71 750.050300 -916.000100 641.000000 0.000000 0.000000 -1.000000 0.000000 1.000000 0.000000 1.000000 0.000000 0.000000 32316.dat
1 1 710.050200 -916.000100 641.000000 0.000000 0.000000 1.000000 -1.000000 0.000000 0.000000 0.000000 -1.000000 0.000000 6558.dat
1 1 750.050300 -936.000100 641.000000 0.000000 0.000000 1.000000 -1.000000 0.000000 0.000000 0.000000 -1.000000 0.000000 6558.dat
1 71 750.050300 -936.000100 641.000000 0.000000 0.000000 -1.000000 0.000000 1.000000 0.000000 1.000000 0.000000 0.000000 32316.dat
1 71 770.050300 -956.000100 641.000000 0.000000 1.000000 0.000000 -1.000000 0.000000 0.000000 0.000000 0.000000 1.000000 2393.dat
1 0 790.050300 -946.000100 641.000000 0.000000 0.000000 -1.000000 -1.000000 0.000000 0.000000 0.000000 1.000000 0.000000 2780.dat
1 71 750.050200 -756.000100 661.000000 0.000000 1.000000 0.000000 -1.000000 0.000000 0.000000 0.000000 0.000000 1.000000 2393.dat
1 71 670.050200 -876.000100 641.000000 0.000000 -1.000000 0.000000 0.000000 0.000000 1.000000 -1.000000 0.000000 0.000000 15100.dat
1 1 690.050200 -876.000100 641.000000 1.000000 0.000000 0.000000 0.000000 0.000000 1.000000 0.000000 -1.000000 0.000000 6558.dat
1 71 710.050200 -876.000100 641.000000 0.000000 -1.000000 0.000000 0.000000 0.000000 1.000000 -1.000000 0.000000 0.000000 15100.dat
1 71 690.050200 -876.000100 621.000000 0.000000 1.000000 0.000000 0.000000 0.000000 1.000000 1.000000 0.000000 0.000000 2393.dat
1 71 710.050200 -896.000100 621.000000 0.000000 0.000000 -1.000000 0.000000 1.000000 0.000000 1.000000 0.000000 0.000000 32524.dat
1 71 790.050100 -796.000100 631.000000 1.000000 0.000000 0.000000 0.000000 1.000000 0.000000 0.000000 0.000000 1.000000 43857.dat
1 0 790.050100 -806.000100 641.000000 0.000000 0.000000 -1.000000 -1.000000 0.000000 0.000000 0.000000 1.000000 0.000000 2780.dat
1 1 750.050200 -816.000100 621.000000 0.000000 0.000000 1.000000 -1.000000 0.000000 0.000000 0.000000 -1.000000 0.000000 6558.dat
1 1 790.050100 -816.000100 621.000000 0.000000 0.000000 1.000000 -1.000000 0.000000 0.000000 0.000000 -1.000000 0.000000 6558.dat
1 71 770.050200 -836.000100 581.000000 1.000000 0.000000 0.000000 0.000000 1.000000 0.000000 0.000000 0.000000 1.000000 60484.dat
1 70 770.050200 -856.000100 621.000000 0.000000 1.000000 0.000000 -1.000000 0.000000 0.000000 0.000000 0.000000 1.000000 15462.dat
1 14 770.050200 -881.000100 621.000000 1.000000 0.000001 0.000000 0.000000 0.000000 1.000000 0.000001 -1.000000 0.000000 32123a.dat
1 14 770.050200 -871.000100 621.000000 1.000000 0.000002 0.000000 0.000000 0.000000 1.000000 0.000002 -1.000000 0.000000 32123a.dat
1 70 770.050300 -876.000100 581.000000 0.000000 1.000000 0.000000 1.000000 0.000000 0.000000 0.000000 0.000000 -1.000000 15462.dat
1 71 770.050300 -936.000100 581.000000 0.000000 0.000000 -1.000000 0.000000 1.000000 0.000000 1.000000 0.000000 0.000000 54675.dat
1 4 770.050300 -856.000100 581.000000 1.000000 0.000000 0.000000 0.000000 0.000000 1.000000 0.000000 -1.000000 0.000000 10928.dat
1 14 770.050300 -871.000100 581.000000 1.000000 0.000002 0.000000 0.000000 0.000000 1.000000 0.000002 -1.000000 0.000000 32123a.dat
1 71 770.050200 -816.000100 621.000000 0.000000 0.000000 1.000000 0.000000 1.000000 0.000000 -1.000000 0.000000 0.000000 32523.dat
1 0 680.050200 -876.000100 680.500000 1.000000 0.000000 0.000000 0.000000 -1.000000 0.000000 0.000000 0.000000 -1.000000 2780.dat
1 0 680.050200 -836.000100 680.500000 1.000000 0.000000 0.000000 0.000000 -1.000000 0.000000 0.000000 0.000000 -1.000000 2780.dat
1 0 680.050200 -856.000100 720.500000 1.000000 0.000000 0.000000 0.000000 -1.000000 0.000000 0.000000 0.000000 -1.000000 2780.dat
1 71 670.050200 -856.000000 720.500000 0.000000 1.000000 0.000000 1.000000 0.000000 0.000000 0.000000 0.000000 -1.000000 60484.dat
1 0 790.050300 -986.000100 581.000000 0.000000 0.000000 -1.000000 -1.000000 0.000000 0.000000 0.000000 1.000000 0.000000 2780.dat
1 0 750.050300 -986.000100 581.000000 0.000000 0.000000 -1.000000 -1.000000 0.000000 0.000000 0.000000 1.000000 0.000000 2780.dat
1 71 710.050400 -976.000100 541.000000 0.000000 0.000000 -1.000000 0.000000 1.000000 0.000000 1.000000 0.000000 0.000000 32524.dat
1 0 650.050300 -966.000100 541.000000 0.000000 0.000000 -1.000000 -1.000000 0.000000 0.000000 0.000000 1.000000 0.000000 2780.dat
1 0 690.050300 -966.000100 541.000000 0.000000 0.000000 -1.000000 -1.000000 0.000000 0.000000 0.000000 1.000000 0.000000 2780.dat
1 1 770.050300 -976.000100 541.000000 0.000000 0.000000 1.000000 -1.000000 0.000000 0.000000 0.000000 -1.000000 0.000000 6558.dat
1 71 770.050400 -996.000100 581.000000 0.000000 0.000000 -1.000000 0.000000 1.000000 0.000000 1.000000 0.000000 0.000000 32316.dat
1 71 730.050200 -816.000100 661.000000 0.000000 0.000000 -1.000000 0.000000 1.000000 0.000000 1.000000 0.000000 0.000000 87082.dat
1 71 770.050200 -816.000100 661.000000 0.000000 0.000000 -1.000000 0.000000 1.000000 0.000000 1.000000 0.000000 0.000000 87082.dat
1 4 730.050200 -856.000100 661.000000 1.000000 0.000000 0.000000 0.000000 0.000000 1.000000 0.000000 -1.000000 0.000000 10928.dat
1 4 770.050200 -856.099800 661.000000 1.000000 0.000000 0.000000 0.000000 0.000000 1.000000 0.000000 -1.000000 0.000000 10928.dat
1 71 710.050200 -916.000100 680.500000 0.000000 0.000000 -1.000000 1.000000 0.000000 0.000000 0.000000 -1.000000 0.000000 15100.dat
1 71 790.050100 -916.000100 720.500000 0.000000 0.000000 -1.000000 1.000000 0.000000 0.000000 0.000000 -1.000000 0.000000 15100.dat
1 71 790.050100 -916.000100 680.500000 0.000000 0.000000 -1.000000 1.000000 0.000000 0.000000 0.000000 -1.000000 0.000000 15100.dat
1 0 750.050200 -906.000100 720.500000 0.000000 0.000000 -1.000000 -1.000000 0.000000 0.000000 0.000000 1.000000 0.000000 2780.dat
1 0 750.050200 -906.000100 680.500000 0.000000 0.000000 -1.000000 -1.000000 0.000000 0.000000 0.000000 1.000000 0.000000 2780.dat
1 71 750.050200 -916.000100 700.500000 1.000000 0.000000 0.000000 0.000000 1.000000 0.000000 0.000000 0.000000 1.000000 32523.dat
1 71 710.050200 -916.000100 720.500000 0.000000 0.000000 1.000000 1.000000 0.000000 0.000000 0.000000 1.000000 0.000000 15100.dat
1 71 249.550900 -676.000700 721.000900 0.000000 1.000000 0.000000 -1.000000 0.000000 0.000000 0.000000 0.000000 1.000000 32184.dat
0 STUDIOSTEPDESC Main Gantry Car
0 STEP
1 1 730.050200 -466.000200 661.000000 0.000000 1.000000 0.000000 -1.000000 0.000000 0.000000 0.000000 0.000000 1.000000 43093.dat
1 71 730.050200 -836.000100 661.000000 1.000000 0.000000 0.000000 0.000000 1.000000 0.000000 0.000000 0.000000 1.000000 18654.dat
1 71 730.050200 -876.000100 660.500000 1.000000 0.000000 0.000000 0.000000 1.000000 0.000000 0.000000 0.000000 1.000000 18654.dat
1 71 770.050200 -876.000100 661.000000 1.000000 0.000000 0.000000 0.000000 1.000000 0.000000 0.000000 0.000000 1.000000 18654.dat
1 71 770.050200 -836.000100 661.000000 1.000000 0.000000 0.000000 0.000000 1.000000 0.000000 0.000000 0.000000 1.000000 18654.dat
1 71 750.050200 -456.000200 661.000000 0.000000 0.000000 -1.000000 -1.000000 0.000000 0.000000 0.000000 1.000000 0.000000 14720.dat
1 71 730.050200 -496.000200 661.000000 1.000000 0.000000 0.000000 0.000000 0.000000 -1.000000 0.000000 1.000000 0.000000 26287.dat
1 71 770.050200 -494.209800 661.000000 1.000000 0.000010 0.000000 0.000000 0.000000 -1.000000 -0.000010 1.000000 0.000000 26287.dat
1 71 790.050100 -456.000200 681.000000 1.000000 0.000000 0.000000 0.000000 0.000000 1.000000 0.000000 -1.000000 0.000000 32316.dat
1 1 790.050100 -476.000200 661.000000 0.000000 0.000000 -1.000000 0.000000 -1.000000 0.000000 -1.000000 0.000000 0.000000 6558.dat
1 1 790.050100 -436.000200 661.000000 0.000000 0.000000 -1.000000 0.000000 -1.000000 0.000000 -1.000000 0.000000 0.000000 6558.dat
1 1 710.050200 -476.000200 661.000000 0.000000 0.000000 -1.000000 0.000000 -1.000000 0.000000 -1.000000 0.000000 0.000000 6558.dat
1 1 710.050200 -436.000200 661.000000 0.000000 0.000000 -1.000000 0.000000 -1.000000 0.000000 -1.000000 0.000000 0.000000 6558.dat
1 71 710.050200 -456.000200 681.000900 1.000000 0.000000 0.000000 0.000000 0.000000 1.000000 0.000000 -1.000000 0.000000 32316.dat
1 71 790.050100 -456.000200 641.000000 1.000000 0.000000 0.000000 0.000000 0.000000 1.000000 0.000000 -1.000000 0.000000 32316.dat
1 71 710.050300 -456.000800 641.021000 1.000000 0.000000 0.000000 0.000000 0.000001 1.000005 0.000000 -1.000005 0.000001 32316.dat
1 71 773.626600 -370.000200 705.078900 0.890214 0.000000 0.455542 0.000000 1.000000 0.000000 -0.455542 0.000000 0.890214 32449.dat
1 71 775.433500 -370.273400 617.740000 -0.863394 0.000000 0.504531 0.000000 1.000000 0.000000 -0.504531 0.000000 -0.863393 32449.dat
1 71 699.951400 -370.000300 659.153000 0.061053 0.000000 0.998135 0.000000 1.000000 0.000000 -0.998134 0.000000 0.061053 32449.dat
1 70 787.293100 -337.000200 731.786000 0.000000 0.890215 0.455542 -1.000000 0.000000 0.000000 0.000000 -0.455542 0.890214 87083.dat
1 70 670.007300 -337.000300 657.321000 0.000000 0.998135 -0.061053 -1.000000 0.000000 0.000000 0.000000 0.061053 0.998134 87083.dat
1 70 790.569600 -337.273400 591.838000 -0.000001 0.504531 0.863394 -1.000000 -0.000001 -0.000001 0.000000 -0.863394 0.504531 87083.dat
1 14 730.050200 -1101.000000 661.000000 1.000000 0.000000 0.000000 0.000000 0.000000 1.000000 0.000000 -1.000000 0.000000 32123a.dat
1 14 770.050300 -1109.210000 661.000000 1.000000 0.000000 0.000000 0.000000 0.000000 1.000000 0.000000 -1.000000 0.000000 32123a.dat
1 14 770.050300 -1099.210000 661.000000 1.000000 0.000000 0.000000 0.000000 0.000000 1.000000 0.000000 -1.000000 0.000000 32123a.dat
1 14 730.050200 -551.000200 661.000000 1.000000 0.000000 0.000000 0.000000 0.000000 1.000000 0.000000 -1.000000 0.000000 32123a.dat
1 14 770.050200 -549.209800 661.000000 1.000000 0.000000 0.000000 0.000000 0.000000 1.000000 0.000000 -1.000000 0.000000 32123a.dat
1 0 784.367700 -491.223800 660.385400 0.000000 -0.984808 0.173648 0.000000 -0.173648 -0.984808 1.000000 0.000000 0.000000 3873.dat
0 STUDIOSTEPDESC Main Vertical Lifting + Gripper
0 STEP
1 0 756.671400 -1288.720000 660.440100 0.000000 -0.000381 -1.000000 0.000000 1.000000 -0.000381 1.000000 0.000000 0.000000 3711.dat
1 0 726.374500 -1281.543000 660.385400 0.000000 0.787799 -0.615933 0.000000 0.615933 0.787798 1.000000 0.000000 0.000000 3711.dat
1 0 740.671400 -1288.726000 660.385400 0.000000 0.448978 -0.893543 0.000000 0.893543 0.448978 1.000000 0.000000 0.000000 3711.dat
1 0 771.606700 -1282.981000 660.385400 0.000000 -0.358690 -0.933457 0.000000 0.933457 -0.358690 1.000000 0.000000 0.000000 3711.dat
1 0 713.653300 -1253.197000 660.385300 0.000000 1.000000 -0.000381 0.000000 0.000381 1.000000 1.000000 0.000000 0.000000 3711.dat
1 0 713.632000 -1205.197000 660.386400 0.000000 1.000000 -0.000381 0.000000 0.000381 1.000008 1.000008 0.000000 0.000000 3711.dat
1 0 713.638100 -1221.197000 660.385400 0.000000 1.000000 -0.000381 0.000000 0.000381 1.000008 1.000008 0.000000 0.000000 3711.dat
1 0 713.644200 -1237.196000 660.385400 0.000000 1.000000 -0.000381 0.000000 0.000381 1.000008 1.000008 0.000000 0.000000 3711.dat
1 0 1081.091000 -886.511400 699.987900 0.000000 0.010428 -0.999946 0.000000 0.999946 0.010428 1.000000 0.000000 0.000000 3711.dat
1 0 1102.534000 -848.438800 700.042600 0.000000 -0.999946 -0.010428 0.000000 0.010428 -0.999946 1.000000 0.000000 0.000000 3711.dat
1 0 1095.030000 -878.656400 699.987900 0.000000 -0.490942 -0.871193 0.000000 0.871192 -0.490942 1.000000 0.000000 0.000000 3711.dat
1 0 1102.367000 -864.438000 699.987900 0.000000 -0.888637 -0.458611 0.000000 0.458611 -0.888637 1.000000 0.000000 0.000000 3711.dat
1 0 1064.459000 -826.997100 699.989700 0.000000 -0.010429 0.999946 0.000000 -0.999949 -0.010429 1.000000 0.000000 0.000000 3711.dat
1 0 1094.679000 -834.499900 699.987900 0.000000 -0.871193 0.490942 0.000000 -0.490942 -0.871193 1.000000 0.000000 0.000000 3711.dat
1 0 1080.458000 -827.164000 699.987800 0.000000 -0.458612 0.888638 0.000000 -0.888640 -0.458612 1.000000 0.000000 0.000000 3711.dat
1 0 1048.460000 -826.830300 699.989700 0.000000 -0.010429 0.999946 0.000000 -0.999946 -0.010429 1.000000 0.000000 0.000000 3711.dat
1 0 1065.092000 -886.344600 699.986900 0.000000 0.010428 -0.999946 0.000000 0.999946 0.010428 1.000000 0.000000 0.000000 3711.dat
1 0 889.707100 -897.290800 701.005500 0.000000 -0.168490 -0.985702 0.000000 0.985704 -0.168490 1.000000 0.000000 0.000000 3711.dat
1 0 952.849200 -886.865800 701.004500 0.000000 -0.146084 -0.989272 0.000000 0.989272 -0.146084 1.000000 0.000000 0.000000 3711.dat
1 0 969.102000 -885.901200 699.987800 0.000000 -0.076895 -0.997039 0.000000 0.997039 -0.076895 1.000000 0.000000 0.000000 3711.dat
1 0 985.097400 -885.510300 699.987900 0.000000 -0.024432 -0.999710 0.000000 0.999702 -0.024433 1.000008 0.000000 0.000000 3711.dat
1 0 1001.097000 -885.677200 699.987900 0.000000 0.010428 -0.999954 0.000000 0.999946 0.010428 1.000008 0.000000 0.000000 3711.dat
1 0 1017.095000 -885.844100 699.987900 0.000000 0.010428 -0.999954 0.000000 0.999946 0.010428 1.000008 0.000000 0.000000 3711.dat
1 0 1033.094000 -886.010900 699.986900 0.000000 0.010428 -0.999954 0.000000 0.999946 0.010428 1.000008 0.000000 0.000000 3711.dat
1 0 1049.093000 -886.177700 699.986900 0.000000 0.010428 -0.999954 0.000000 0.999946 0.010428 1.000008 0.000000 0.000000 3711.dat
1 0 1032.461000 -826.663400 699.989700 0.000000 -0.010428 0.999946 0.000000 -0.999946 -0.010428 1.000000 0.000000 0.000000 3711.dat
1 0 1016.459000 -826.496500 699.984400 0.000000 -0.010428 0.999949 0.000000 -0.999946 -0.010428 1.000003 0.000000 0.000000 3711.dat
1 0 1000.460000 -826.329700 699.984400 0.000000 -0.010428 0.999946 0.000000 -0.999946 -0.010428 1.000000 0.000000 0.000000 3711.dat
1 0 984.461500 -826.163600 699.984400 0.000000 -0.010428 0.999946 0.000000 -0.999946 -0.010428 1.000000 0.000000 0.000000 3711.dat
1 0 968.462700 -825.996900 699.984400 0.000000 -0.010428 0.999946 0.000000 -0.999946 -0.010428 1.000000 0.000000 0.000000 3711.dat
1 0 952.463700 -825.830000 699.984000 0.000000 -0.010428 0.999946 0.000000 -0.999946 -0.010428 1.000000 0.000000 0.000000 3711.dat
1 0 936.464700 -825.663200 699.984000 0.000000 -0.010428 0.999946 0.000000 -0.999946 -0.010428 1.000000 0.000000 0.000000 3711.dat
1 0 920.465600 -825.496300 699.984000 0.000000 -0.010428 0.999946 0.000000 -0.999946 -0.010428 1.000000 0.000000 0.000000 3711.dat
1 0 904.466400 -825.329500 699.983000 0.000000 -0.010428 0.999946 0.000000 -0.999946 -0.010428 1.000000 0.000000 0.000000 3711.dat
1 0 888.467500 -825.162600 699.983000 0.000000 -0.010428 0.999946 0.000000 -0.999946 -0.010428 1.000000 0.000000 0.000000 3711.dat
1 0 872.468400 -824.995700 699.983000 0.000000 -0.010428 0.999946 0.000000 -0.999946 -0.010428 1.000000 0.000000 0.000000 3711.dat
1 0 856.469600 -824.828900 699.983000 0.000000 -0.010428 0.999946 0.000000 -0.999946 -0.010428 1.000000 0.000000 0.000000 3711.dat
1 0 680.479200 -822.994300 699.981700 0.000000 -0.010428 0.999946 0.000000 -0.999946 -0.010428 1.000000 0.000000 0.000000 3711.dat
1 0 664.481800 -822.826700 699.981700 0.000000 -0.010428 0.999946 0.000000 -0.999946 -0.010428 1.000000 0.000000 0.000000 3711.dat
1 0 648.483000 -822.660000 699.981700 0.000000 -0.010428 0.999946 0.000000 -0.999946 -0.010428 1.000000 0.000000 0.000000 3711.dat
1 0 632.484000 -822.493100 699.981100 0.000000 -0.010428 0.999946 0.000000 -0.999946 -0.010428 1.000000 0.000000 0.000000 3711.dat
1 0 616.485000 -822.326100 699.981100 0.000000 -0.010428 0.999946 0.000000 -0.999946 -0.010428 1.000000 0.000000 0.000000 3711.dat
1 0 600.485900 -822.159400 699.981100 0.000000 -0.010428 0.999946 0.000000 -0.999946 -0.010428 1.000000 0.000000 0.000000 3711.dat
1 0 584.486700 -821.992600 699.980200 0.000000 -0.010428 0.999946 0.000000 -0.999946 -0.010428 1.000000 0.000000 0.000000 3711.dat
1 0 568.487700 -821.825700 699.980200 0.000000 -0.010428 0.999946 0.000000 -0.999946 -0.010428 1.000000 0.000000 0.000000 3711.dat
1 0 552.488700 -821.658800 699.980200 0.000000 -0.010428 0.999946 0.000000 -0.999946 -0.010428 1.000000 0.000000 0.000000 3711.dat
1 0 536.489800 -821.492000 699.980200 0.000000 -0.010428 0.999946 0.000000 -0.999946 -0.010428 1.000000 0.000000 0.000000 3711.dat
1 0 840.470500 -824.661900 699.983000 0.000000 -0.010428 0.999946 0.000000 -0.999946 -0.010428 1.000000 0.000000 0.000000 3711.dat
1 0 824.471300 -824.495000 699.983000 0.000000 -0.010428 0.999946 0.000000 -0.999946 -0.010428 1.000000 0.000000 0.000000 3711.dat
1 0 808.472500 -824.328400 699.983000 0.000000 -0.010428 0.999946 0.000000 -0.999946 -0.010428 1.000000 0.000000 0.000000 3711.dat
1 0 792.473600 -824.161500 699.982500 0.000000 -0.010428 0.999946 0.000000 -0.999946 -0.010428 1.000000 0.000000 0.000000 3711.dat
1 0 776.474600 -823.994600 699.982500 0.000000 -0.010428 0.999946 0.000000 -0.999946 -0.010428 1.000000 0.000000 0.000000 3711.dat
1 0 760.475500 -823.827800 699.982500 0.000000 -0.010428 0.999946 0.000000 -0.999946 -0.010428 1.000000 0.000000 0.000000 3711.dat
1 0 744.476200 -823.661000 699.981700 0.000000 -0.010428 0.999946 0.000000 -0.999946 -0.010428 1.000000 0.000000 0.000000 3711.dat
1 0 728.477200 -823.494100 699.981700 0.000000 -0.010428 0.999946 0.000000 -0.999946 -0.010428 1.000000 0.000000 0.000000 3711.dat
1 0 712.478300 -823.327200 699.981700 0.000000 -0.010428 0.999946 0.000000 -0.999946 -0.010428 1.000000 0.000000 0.000000 3711.dat
1 0 696.479400 -823.160400 699.981700 0.000000 -0.010428 0.999946 0.000000 -0.999946 -0.010428 1.000000 0.000000 0.000000 3711.dat
1 0 795.123600 -912.156900 701.000000 0.000000 0.000000 -1.000000 0.000000 1.000000 0.000000 1.000000 0.000000 0.000000 3873.dat
1 0 811.133000 -912.309000 701.005500 0.000000 0.010429 -0.999987 0.000000 0.999948 0.010428 1.000040 0.000000 0.000000 3711.dat
1 0 826.833700 -909.228500 701.005500 0.000000 -0.192523 -0.981293 0.000000 0.981293 -0.192523 1.000000 0.000000 0.000000 3711.dat
1 0 842.534500 -906.147500 701.005500 0.000000 -0.192523 -0.981292 0.000000 0.981293 -0.192523 1.000000 0.000000 0.000000 3711.dat
1 0 858.235200 -903.066800 701.005500 0.000000 -0.192523 -0.981292 0.000000 0.981293 -0.192523 1.000000 0.000000 0.000000 3711.dat
1 0 873.935900 -899.986500 701.005500 0.000000 -0.192523 -0.981292 0.000000 0.981293 -0.192523 1.000000 0.000000 0.000000 3711.dat
1 0 905.478300 -894.594900 701.005100 0.000000 -0.168490 -0.985703 0.000000 0.985703 -0.168490 1.000000 0.000000 0.000000 3711.dat
1 0 921.249600 -891.899000 701.005100 0.000000 -0.168490 -0.985703 0.000000 0.985703 -0.168490 1.000000 0.000000 0.000000 3711.dat
1 0 937.020900 -889.203100 701.004900 0.000000 -0.168490 -0.985703 0.000000 0.985703 -0.168490 1.000000 0.000000 0.000000 3711.dat
1 0 392.498700 -822.992400 699.979200 0.000000 0.010428 0.999946 0.000000 -0.999946 0.010428 1.000000 0.000000 0.000000 3711.dat
1 0 371.854300 -861.504000 700.034500 0.000000 0.999946 -0.010428 0.000000 0.010428 0.999946 1.000000 0.000000 0.000000 3711.dat
1 0 378.726700 -831.136500 699.979200 0.000000 0.509005 0.860764 0.000000 -0.860764 0.509005 1.000000 0.000000 0.000000 3711.dat
1 0 371.687300 -845.504900 699.979200 0.000000 0.898009 0.439978 0.000000 -0.439978 0.898009 1.000000 0.000000 0.000000 3711.dat
1 0 408.497800 -822.825700 699.978300 0.000000 0.010428 0.999946 0.000000 -0.999946 0.010428 1.000000 0.000000 0.000000 3711.dat
1 0 456.494600 -822.325000 699.979500 0.000000 0.010428 0.999954 0.000000 -0.999946 0.010428 1.000008 0.000000 0.000000 3711.dat
1 0 440.495800 -822.491800 699.978500 0.000000 0.010428 0.999954 0.000000 -0.999946 0.010428 1.000008 0.000000 0.000000 3711.dat
1 0 424.496800 -822.658700 699.978300 0.000000 0.010428 0.999954 0.000000 -0.999946 0.010428 1.000008 0.000000 0.000000 3711.dat
1 0 504.491200 -821.824500 699.981200 0.000000 0.010428 0.999946 0.000000 -0.999946 0.010428 1.000000 0.000000 0.000000 3711.dat
1 0 488.492500 -821.991100 699.979700 0.000000 0.010428 0.999946 0.000000 -0.999946 0.010428 1.000000 0.000000 0.000000 3711.dat
1 0 472.493500 -822.158100 699.979500 0.000000 0.010428 0.999946 0.000000 -0.999946 0.010428 1.000000 0.000000 0.000000 3711.dat
1 0 520.490700 -821.658800 699.980000 0.000000 0.010428 0.999946 0.000000 -0.999946 0.010428 1.000000 0.000000 0.000000 3711.dat
1 0 504.491300 -821.824400 699.979500 0.000000 0.010428 0.999946 0.000000 -0.999946 0.010428 1.000000 0.000000 0.000000 3711.dat
1 0 379.998300 -875.276800 699.979200 0.000000 0.860764 -0.509005 0.000000 0.509005 0.860764 1.000000 0.000000 0.000000 3711.dat
1 0 392.239700 -885.580600 699.979000 0.000000 0.644125 -0.764922 0.000000 0.764925 0.644125 1.000000 -0.000001 0.000000 3711.dat
1 0 439.397800 -890.363300 699.979000 0.000000 -0.010428 -0.999946 0.000000 0.999946 -0.010428 1.000000 0.000000 0.000000 3711.dat
1 0 455.399700 -890.195100 699.973600 0.000000 -0.010428 -0.999949 0.000000 0.999946 -0.010428 1.000003 0.000000 0.000000 3711.dat
1 0 471.398600 -890.028100 699.974000 0.000000 -0.010428 -0.999946 0.000000 0.999946 -0.010428 1.000000 0.000000 0.000000 3711.dat
1 0 709.500900 -919.088900 699.975300 0.000000 -0.190814 -0.981625 0.000000 -0.981626 0.190815 -1.000000 0.000000 0.000000 3873.dat
1 0 407.399500 -890.697000 699.979000 0.000000 0.319786 -0.947489 0.000000 0.947489 0.319786 1.000000 0.000000 0.000000 3711.dat
1 0 487.327700 -891.533800 699.974000 0.000000 0.094108 -0.995562 0.000000 0.995562 0.094108 1.000000 0.000000 0.000000 3711.dat
1 0 503.256900 -893.039600 699.973900 0.000000 0.094108 -0.995562 0.000000 0.995562 0.094108 1.000000 0.000000 0.000000 3711.dat
1 0 519.185800 -894.545500 699.974000 0.000000 0.094109 -0.995562 0.000000 0.995562 0.094109 1.000000 0.000000 0.000000 3711.dat
1 0 535.114700 -896.051100 699.973600 0.000000 0.094109 -0.995562 0.000000 0.995562 0.094109 1.000000 0.000000 0.000000 3711.dat
1 0 551.043800 -897.556900 699.973500 0.000000 0.094109 -0.995562 0.000000 0.995562 0.094109 1.000000 0.000000 0.000000 3711.dat
1 0 693.794900 -916.036100 699.976100 0.000000 0.102794 -0.994703 0.000000 0.994704 0.102794 1.000000 0.000000 0.000000 3711.dat
1 0 677.879600 -914.392200 699.976100 0.000000 0.102794 -0.994703 0.000000 0.994704 0.102794 1.000000 0.000000 0.000000 3711.dat
1 0 661.964100 -912.750400 699.976100 0.000000 0.154711 -0.987960 0.000000 0.987961 0.154712 1.000000 0.000000 0.000000 3711.dat
1 0 -2147484000.000000 -4.131410 2147483000.000000 0.000000 0.355107 -0.934826 0.000000 0.934826 0.355107 1.000000 0.000000 0.000000 3711.dat
1 0 630.349500 -907.799700 699.973300 0.000000 0.182236 -0.983256 0.000000 0.983256 0.182236 1.000000 0.000000 0.000000 3711.dat
1 0 614.617200 -904.884200 699.973300 0.000000 0.113204 -0.993573 0.000000 0.993573 0.113204 1.000000 0.000000 0.000000 3711.dat
1 0 566.972600 -899.062400 699.973400 0.000000 0.094109 -0.995562 0.000000 0.995562 0.094109 1.000000 0.000000 0.000000 3711.dat
1 0 582.835900 -901.150900 699.973300 0.000000 0.130527 -0.991445 0.000000 0.991445 0.130527 1.000000 0.000000 0.000000 3711.dat
1 0 598.720100 -903.073000 699.973300 0.000000 0.120138 -0.992758 0.000000 0.992757 0.120138 1.000000 0.000000 0.000000 3711.dat
1 0 646.156700 -910.275100 699.973300 0.000000 0.154711 -0.987960 0.000000 0.987960 0.154711 1.000000 0.000000 0.000000 3711.dat
1 72 750.091900 -1256.000000 660.895000 1.000000 0.000000 0.000000 0.000000 1.000000 0.000000 0.000000 0.000000 1.000000 3648b.dat
1 0 780.549000 -1269.713000 660.385300 0.000000 -0.829231 -0.558907 0.000000 0.558907 -0.829231 1.000000 0.000000 0.000000 3711.dat
1 0 785.221600 -1254.411000 660.385300 0.000000 -0.956406 -0.292042 0.000000 0.292042 -0.956406 1.000000 0.000000 0.000000 3711.dat
1 0 785.215400 -1238.411000 660.385300 0.000000 -1.000000 0.000381 0.000000 -0.000381 -1.000000 1.000000 0.000000 0.000000 3711.dat
1 0 785.209600 -1222.411000 660.385300 0.000000 -1.000000 0.000381 0.000000 -0.000381 -1.000000 1.000000 0.000000 0.000000 3711.dat
1 0 785.203400 -1206.411000 660.385300 0.000000 -1.000000 0.000381 0.000000 -0.000381 -1.000000 1.000000 0.000000 0.000000 3711.dat
1 0 713.615100 -1157.198000 660.391000 0.000000 1.000000 -0.000381 0.000000 0.000381 1.000000 1.000000 0.000000 0.000000 3711.dat
1 0 713.619700 -1173.197000 660.386200 0.000000 1.000000 -0.000381 0.000000 0.000381 1.000000 1.000000 0.000000 0.000000 3711.dat
1 0 713.625900 -1189.197000 660.390600 0.000000 1.000000 -0.000381 0.000000 0.000381 1.000000 1.000000 0.000000 0.000000 3711.dat
1 0 713.599600 -1109.200000 660.393900 0.000000 1.000000 -0.000381 0.000000 0.000381 1.000000 1.000000 0.000000 0.000000 3711.dat
1 0 713.602500 -1125.199000 660.391000 0.000000 1.000000 -0.000381 0.000000 0.000381 1.000000 1.000000 0.000000 0.000000 3711.dat
1 0 713.608700 -1141.198000 660.391000 0.000000 1.000000 -0.000381 0.000000 0.000381 1.000000 1.000000 0.000000 0.000000 3711.dat
1 0 713.583600 -1061.202000 660.394900 0.000000 1.000000 -0.000381 0.000000 0.000381 1.000000 1.000000 0.000000 0.000000 3711.dat
1 0 713.587200 -1077.200000 660.394000 0.000000 1.000000 -0.000381 0.000000 0.000381 1.000000 1.000000 0.000000 0.000000 3711.dat
1 0 713.593400 -1093.200000 660.394000 0.000000 1.000000 -0.000381 0.000000 0.000381 1.000000 1.000000 0.000000 0.000000 3711.dat
1 0 713.566400 -1013.203000 660.396000 0.000000 1.000000 -0.000381 0.000000 0.000381 1.000000 1.000000 0.000000 0.000000 3711.dat
1 0 713.571300 -1029.202000 660.395000 0.000000 1.000000 -0.000381 0.000000 0.000381 1.000000 1.000000 0.000000 0.000000 3711.dat
1 0 713.577300 -1045.202000 660.395000 0.000000 1.000000 -0.000381 0.000000 0.000381 1.000000 1.000000 0.000000 0.000000 3711.dat
1 0 713.550000 -965.203700 660.397000 0.000000 1.000000 -0.000381 0.000000 0.000381 1.000000 1.000000 0.000000 0.000000 3711.dat
1 0 713.554000 -981.203200 660.396000 0.000000 1.000000 -0.000381 0.000000 0.000381 1.000000 1.000000 0.000000 0.000000 3711.dat
1 0 713.560100 -997.202900 660.396000 0.000000 1.000000 -0.000381 0.000000 0.000381 1.000000 1.000000 0.000000 0.000000 3711.dat
1 0 713.543900 -949.203600 660.397000 0.000000 1.000000 -0.000381 0.000000 0.000381 1.000000 1.000000 0.000000 0.000000 3711.dat
1 0 713.525900 -901.205000 660.401600 0.000000 1.000000 -0.000381 0.000000 0.000381 0.999993 0.999992 0.000000 0.000000 3711.dat
1 0 713.530500 -917.204200 660.396900 0.000000 1.000000 -0.000381 0.000000 0.000381 0.999993 0.999992 0.000000 0.000000 3711.dat
1 0 713.536800 -933.203800 660.396900 0.000000 1.000000 -0.000381 0.000000 0.000381 0.999993 0.999992 0.000000 0.000000 3711.dat
1 0 713.510600 -853.206900 660.404500 0.000000 1.000000 -0.000381 0.000000 0.000381 0.999993 0.999992 0.000000 0.000000 3711.dat
1 0 713.513400 -869.205700 660.401600 0.000000 1.000000 -0.000381 0.000000 0.000381 0.999993 0.999992 0.000000 0.000000 3711.dat
1 0 713.519700 -885.205400 660.401600 0.000000 1.000000 -0.000381 0.000000 0.000381 0.999993 0.999992 0.000000 0.000000 3711.dat
1 0 713.494600 -805.209300 660.405500 0.000000 1.000000 -0.000381 0.000000 0.000381 0.999993 0.999992 0.000000 0.000000 3711.dat
1 0 713.498200 -821.207800 660.404700 0.000000 1.000000 -0.000381 0.000000 0.000381 0.999993 0.999992 0.000000 0.000000 3711.dat
1 0 713.504300 -837.207300 660.404700 0.000000 1.000000 -0.000381 0.000000 0.000381 0.999993 0.999992 0.000000 0.000000 3711.dat
1 0 713.477400 -757.210700 660.406600 0.000000 1.000000 -0.000381 0.000000 0.000381 0.999993 0.999992 0.000000 0.000000 3711.dat
1 0 713.482100 -773.209700 660.405600 0.000000 1.000000 -0.000381 0.000000 0.000381 0.999993 0.999992 0.000000 0.000000 3711.dat
1 0 713.488300 -789.209500 660.405600 0.000000 1.000000 -0.000381 0.000000 0.000381 0.999993 0.999992 0.000000 0.000000 3711.dat
1 0 713.461000 -709.212000 660.407600 0.000000 1.000000 -0.000381 0.000000 0.000381 0.999993 0.999992 0.000000 0.000000 3711.dat
1 0 713.465000 -725.211400 660.406600 0.000000 1.000000 -0.000381 0.000000 0.000381 0.999993 0.999992 0.000000 0.000000 3711.dat
1 0 713.471100 -741.211000 660.406600 0.000000 1.000000 -0.000381 0.000000 0.000381 0.999993 0.999992 0.000000 0.000000 3711.dat
1 0 713.454800 -693.212200 660.407700 0.000000 1.000000 -0.000381 0.000000 0.000381 1.000000 1.000000 0.000000 0.000000 3711.dat
1 0 713.437200 -645.213700 660.412400 0.000000 1.000000 -0.000381 0.000000 0.000381 0.999993 0.999992 0.000000 0.000000 3711.dat
1 0 713.441800 -661.212800 660.407600 0.000000 1.000000 -0.000381 0.000000 0.000381 0.999993 0.999992 0.000000 0.000000 3711.dat
1 0 713.448000 -677.212500 660.407600 0.000000 1.000000 -0.000381 0.000000 0.000381 0.999993 0.999992 0.000000 0.000000 3711.dat
1 0 713.421800 -597.215500 660.415300 0.000000 1.000000 -0.000381 0.000000 0.000381 0.999993 0.999992 0.000000 0.000000 3711.dat
1 0 713.424700 -613.214300 660.412400 0.000000 1.000000 -0.000381 0.000000 0.000381 0.999993 0.999992 0.000000 0.000000 3711.dat
1 0 713.431000 -629.213900 660.412400 0.000000 1.000000 -0.000381 0.000000 0.000381 0.999993 0.999992 0.000000 0.000000 3711.dat
1 0 713.405800 -549.217600 660.416300 0.000000 1.000000 -0.000381 0.000000 0.000381 0.999993 0.999992 0.000000 0.000000 3711.dat
1 0 713.409400 -565.216200 660.415400 0.000000 1.000000 -0.000381 0.000000 0.000381 0.999993 0.999992 0.000000 0.000000 3711.dat
1 0 713.415600 -581.215900 660.415400 0.000000 1.000000 -0.000381 0.000000 0.000381 0.999993 0.999992 0.000000 0.000000 3711.dat
1 0 713.399500 -533.218000 660.416400 0.000000 1.000000 -0.000381 0.000000 0.000381 0.999993 0.999992 0.000000 0.000000 3711.dat
1 0 716.519500 -1268.938000 660.385300 0.000000 0.983824 -0.179142 0.000000 0.179142 0.983824 1.000000 0.000000 0.000000 3711.dat
1 0 785.197300 -1190.411000 660.385600 0.000000 -1.000000 0.000381 0.000000 -0.000381 -1.000000 1.000000 0.000000 -0.000001 3711.dat
1 0 785.191600 -1174.411000 660.385700 0.000000 -1.000000 0.000381 0.000000 -0.000381 -1.000000 1.000000 0.000000 -0.000001 3711.dat
1 0 785.185400 -1158.411000 660.385700 0.000000 -1.000000 0.000381 0.000000 -0.000381 -1.000000 1.000000 0.000000 -0.000001 3711.dat
1 0 785.179300 -1142.411000 660.385600 0.000000 -1.000000 0.000381 0.000000 -0.000381 -1.000000 1.000000 0.000000 -0.000001 3711.dat
1 0 785.173500 -1126.411000 660.385700 0.000000 -1.000000 0.000381 0.000000 -0.000381 -1.000000 1.000000 0.000000 -0.000001 3711.dat
1 0 785.167200 -1110.411000 660.385700 0.000000 -1.000000 0.000381 0.000000 -0.000381 -1.000000 1.000000 0.000000 -0.000001 3711.dat
1 0 785.161200 -1094.411000 660.385700 0.000000 -1.000000 0.000381 0.000000 -0.000381 -1.000000 1.000000 0.000000 -0.000001 3711.dat
1 0 785.155900 -1078.411000 660.385700 0.000000 -1.000000 0.000381 0.000000 -0.000381 -1.000000 1.000000 0.000000 -0.000001 3711.dat
1 0 785.149700 -1062.411000 660.385700 0.000000 -1.000000 0.000381 0.000000 -0.000381 -1.000000 1.000000 0.000000 -0.000001 3711.dat
1 0 785.143600 -1046.411000 660.385300 0.000000 -1.000000 0.000381 0.000000 -0.000381 -1.000000 1.000000 0.000000 -0.000001 3711.dat
1 0 785.137800 -1030.411000 660.385300 0.000000 -1.000000 0.000381 0.000000 -0.000381 -1.000000 1.000000 0.000000 -0.000001 3711.dat
1 0 785.131600 -1014.412000 660.385300 0.000000 -1.000000 0.000381 0.000000 -0.000381 -1.000000 1.000000 0.000000 -0.000001 3711.dat
1 0 785.125500 -998.412400 660.385300 0.000000 -1.000000 0.000381 0.000000 -0.000381 -1.000000 1.000000 0.000000 -0.000001 3711.dat
1 0 785.120100 -982.412100 660.385300 0.000000 -1.000000 0.000381 0.000000 -0.000381 -1.000000 1.000000 0.000000 -0.000001 3711.dat
1 0 785.114000 -966.412400 660.385300 0.000000 -1.000000 0.000381 0.000000 -0.000381 -1.000000 1.000000 0.000000 -0.000001 3711.dat
1 0 785.107800 -950.412400 660.385300 0.000000 -1.000000 0.000381 0.000000 -0.000381 -1.000000 1.000000 0.000000 -0.000001 3711.dat
1 0 785.100600 -934.412000 660.384900 0.000000 -1.000000 0.000381 0.000000 -0.000381 -1.000000 1.000000 0.000000 -0.000001 3711.dat
1 0 785.094500 -918.412100 660.384900 0.000000 -1.000000 0.000381 0.000000 -0.000381 -1.000000 1.000000 0.000000 -0.000001 3711.dat
1 71 850.050100 -856.000000 660.500000 -1.000000 0.000000 0.000000 0.000000 1.000000 0.000000 0.000000 0.000000 -1.000000 94925.dat
1 0 785.100500 -934.412000 660.384900 0.000000 -1.000000 0.000381 0.000000 -0.000381 -1.000000 1.000000 0.000000 -0.000001 3711.dat
1 0 785.088300 -902.412100 660.384900 0.000000 -1.000000 0.000381 -0.000001 -0.000381 -1.000000 1.000000 0.000000 0.000000 3711.dat
1 0 796.664700 -875.374200 660.384900 0.000000 -0.689872 -0.723932 0.000000 0.723932 -0.689872 1.000000 0.000000 -0.000001 3711.dat
1 0 812.146500 -871.335600 660.384900 0.000000 -0.252407 -0.967622 -0.000001 0.967622 -0.252407 1.000000 0.000000 0.000000 3711.dat
1 0 827.954400 -873.805200 660.384900 0.000000 0.154367 -0.988014 0.000000 0.988014 0.154367 1.000000 0.000000 0.000000 3711.dat
1 0 843.762500 -876.275200 660.384900 0.000000 0.154367 -0.988014 0.000000 0.988014 0.154367 1.000000 0.000000 0.000000 3711.dat
1 0 859.759500 -875.962400 660.384900 0.000000 -0.019551 -0.999809 0.000000 0.999809 -0.019551 1.000000 0.000000 0.000000 3711.dat
1 0 870.849800 -864.429700 660.384900 0.000000 -0.720793 -0.693151 -0.000001 0.693151 -0.720793 1.000000 0.000000 -0.000001 3711.dat
1 0 872.455900 -848.510400 660.384900 0.000000 -0.994951 -0.100363 -0.000001 0.100363 -0.994951 1.000000 0.000000 -0.000001 3711.dat
1 0 863.024500 -835.585900 660.384900 0.000000 -0.807785 0.589478 -0.000001 -0.589478 -0.807785 1.000000 -0.000001 -0.000001 3711.dat
1 0 847.482600 -831.785600 660.384900 0.000000 -0.237517 0.971383 -0.000001 -0.971384 -0.237517 1.000000 -0.000001 0.000000 3711.dat
1 0 831.790800 -834.909800 660.384900 0.000000 0.195261 0.980751 -0.000001 -0.980752 0.195261 1.000000 -0.000001 0.000000 3711.dat
1 0 816.431000 -839.389700 660.384800 0.000000 0.279996 0.960001 -0.000001 -0.960001 0.279996 1.000000 -0.000001 0.000000 3711.dat
1 0 800.541700 -837.512100 660.384800 0.000000 -0.117365 0.993089 -0.000001 -0.993089 -0.117365 1.000000 -0.000001 0.000000 3711.dat
1 0 788.621400 -826.839100 660.384800 0.000000 -0.667053 0.745010 -0.000001 -0.745010 -0.667053 1.000000 0.000000 -0.000001 3711.dat
1 0 786.599200 -810.967300 660.384800 0.000000 -0.991983 0.126371 -0.000001 -0.126371 -0.991983 1.000000 0.000000 -0.000001 3711.dat
1 0 787.252600 -794.980700 660.384800 0.000000 -0.999166 -0.040830 -0.000001 0.040830 -0.999166 1.000000 0.000001 -0.000001 3711.dat
1 0 787.246400 -778.980700 660.384800 0.000000 -1.000000 0.000381 -0.000001 -0.000381 -1.000000 1.000000 0.000000 -0.000001 3711.dat
1 0 787.241400 -762.980500 660.385700 0.000000 -1.000000 0.000381 -0.000001 -0.000381 -1.000000 1.000000 0.000000 -0.000001 3711.dat
1 0 787.235300 -746.980600 660.385700 0.000000 -1.000000 0.000381 -0.000001 -0.000381 -1.000000 1.000000 0.000000 -0.000001 3711.dat
1 0 787.229200 -730.980700 660.385700 0.000000 -1.000000 0.000381 -0.000001 -0.000381 -1.000000 1.000000 0.000000 -0.000001 3711.dat
1 0 787.223900 -714.980700 660.385700 0.000000 -1.000000 0.000381 -0.000001 -0.000381 -1.000000 1.000000 0.000000 -0.000001 3711.dat
1 0 787.217700 -698.980800 660.385700 0.000000 -1.000000 0.000381 -0.000001 -0.000381 -1.000000 1.000000 0.000000 -0.000001 3711.dat
1 0 787.211600 -682.980800 660.385300 0.000000 -1.000000 0.000381 -0.000001 -0.000381 -1.000000 1.000000 0.000000 -0.000001 3711.dat
1 0 787.205700 -666.980800 660.385300 0.000000 -1.000000 0.000381 -0.000001 -0.000381 -1.000000 1.000000 0.000000 -0.000001 3711.dat
1 0 787.199600 -650.980700 660.385300 0.000000 -1.000000 0.000381 -0.000001 -0.000381 -1.000000 1.000000 0.000000 -0.000001 3711.dat
1 0 787.193800 -634.980400 660.386100 0.000000 -1.000000 0.000381 -0.000001 -0.000381 -1.000000 1.000000 0.000000 -0.000001 3711.dat
1 0 787.187700 -618.980500 660.386100 0.000000 -1.000000 0.000381 -0.000001 -0.000381 -1.000000 1.000000 0.000000 -0.000001 3711.dat
1 0 787.181500 -602.980500 660.386100 0.000000 -1.000000 0.000381 -0.000001 -0.000381 -1.000000 1.000000 0.000000 -0.000001 3711.dat
1 0 787.176200 -586.980500 660.386100 0.000000 -1.000000 0.000381 -0.000001 -0.000381 -1.000000 1.000000 0.000000 -0.000001 3711.dat
1 0 787.170000 -570.980700 660.386100 0.000000 -1.000000 0.000381 -0.000001 -0.000381 -1.000000 1.000000 0.000000 -0.000001 3711.dat
1 0 787.164000 -554.980700 660.385600 0.000000 -1.000000 0.000381 -0.000001 -0.000381 -1.000000 1.000000 0.000000 -0.000001 3711.dat
1 0 787.158100 -538.980700 660.385600 0.000000 -1.000000 0.000381 -0.000001 -0.000381 -1.000000 1.000000 0.000000 -0.000001 3711.dat
1 0 787.152000 -522.980700 660.385400 0.000000 -1.000000 0.000381 -0.000001 -0.000381 -1.000000 1.000000 0.000000 -0.000001 3711.dat
1 0 787.146100 -506.980700 660.385300 0.000000 -1.000000 0.000381 -0.000001 -0.000381 -1.000000 1.000000 0.000000 -0.000001 3711.dat
1 0 713.393400 -517.218100 660.416400 0.000000 1.000000 -0.000381 0.000000 0.000381 1.000000 1.000000 0.000000 0.000000 3711.dat
1 0 713.387300 -501.218100 660.416300 0.000000 0.979925 0.199368 0.000000 -0.199369 0.979925 1.000000 0.000000 0.000001 3873.dat
1 0 423.398700 -890.530000 699.979000 0.000000 -0.010428 -0.999946 0.000000 0.999946 -0.010428 1.000000 0.000000 0.000000 3711.dat
1 15 850.050100 -856.000000 800.500000 0.000000 0.000000 1.000000 -1.000000 0.000000 0.000000 0.000000 -1.000000 0.000000 7229.dat
1 15 409.551000 -856.000700 821.000900 0.000000 0.000000 1.000000 -1.000000 0.000000 0.000000 0.000000 -1.000000 0.000000 7229.dat
1 4 409.551000 -856.000700 811.000900 0.000000 0.000000 -1.000000 0.000000 1.000000 0.000000 1.000000 0.000000 0.000000 32062.dat
1 4 850.050100 -856.000000 790.500000 0.000000 0.000000 -1.000000 0.000000 1.000000 0.000000 1.000000 0.000000 0.000000 32062.dat
0 STUDIOSTEPDESC Main Chains
0 STEP
0 NOFILE
